id	phrase	reviewIds	examples sentence fragments
1	love	175,31,13,224,180,247,89,380,90,461,112,163,35,264,57,346,323,77,80,269,414,178,332,166,90,405,280,287,256,20,131,466,371,338,430,352,179,398,272,464,275,286,477,164,341,11,372,66	ordered 3 of these love them for winter,were perfect as before love these,i love the product and,gray and light green love all three wash,love the style however,love this shirt beautiful,i love the feel of,than most burnout tanks love them,most humid day omg love them two minor,i absolutely love yogacolors products i,i love this shirt though,tailored shirts which i love i do not,as an under layer love the cream color,i love these shirts because,i love the sleeve length,fit as expected i love to wear this,love love these cotton,love this top its,love these tank tops,love the fabric fits,i love this tank i,love these shapers ca,they work great i love the length,i love the blouse but,i love these tops life,i love this blouse i,i love this top it,i love this cami it,a bit tight i love the openness of,i love my shirt gotapparel,love camis and this,i love this shirt especially,i love shopping on line,works very well i love this shirt,i love this shirt fits,i love this blouse it,love this tank top,love this seller arrives,i just love this heavy bug,i love these shirts and,i love shopping amazon it,love the color this,this to yoga and love it just the,i love love love this shirt it,love the color the,good quality fabric comfortable fit love it,great fit love the shirts,fantastic value love this shirt
2	comfortable	112,377,199,246,409,439,122,271,31,101,81,49,1,323,464,352,430,412,264,476,473,268,87,66,500	large it 's very comfortable and looks great,with anything and is comfortable,comfortable and great fit,great washed nicely and comfortable,i expected it is comfortable and it is,out the material is comfortable too worth every,this cami is very comfortable and soft the,is very cool and comfortable for the southern,fit great and was comfortable and surprisingly cool,and big earrings just comfortable and fun you,but it is still comfortable and not to,she says it 's comfortable and she loves,very pretty and comfortable but offers no,perfect & is very comfortable the material is,your stomach lol very comfortable and i 'm,this blouse it is comfortable and is great,this shirt fits very comfortable,had yet it 's comfortable this is a,to make me feel comfortable and they hold,coo l comfortable and sufficiently loose,as a single layer comfortable in a gym,comfortable sexy colorful,this fit perfectly --> slim tight comfortable and soft,pair of jeans very comfortable nice fabric will reorder,lightweight comfortable and looks great
3	nice	381,122,497,295,382,225,365,120,37,148,96,445,29,100,43,30	it 's very nice but much larger,overall it 's a nice cami for the,it back a very nice blouse,and the material is nice i like the,and it is really nice it fits well,nice shirt runs small,size smaller but still nice,this is a nice camisole my only,of the shirt are nice,top will make a nice neutral addition to,it 's nice and fairly soft,ordering this this its nice besides it being,shirt that washes up nice i use the,nicely soft material very nice,nice shirt and fits,easy care nice clot
4	perfect	479,228,31,375,131,345,362,52,61,392,427,169,124,323,485,261,154,79	is thin which is perfect for the hot,to play fit is perfect have purchased 2,day the shirts were perfect as before love,than that it was perfect,and this one is perfect,tight and these are perfect they are long,a 3x and its perfect,work it was just perfect the pink color,and the fit was perfect i especially like,so this will be perfect,fantastic fit comfort and perfect amount of bling,this was perfect for the job,pretty the small was perfect the medium is,comfortable the material is perfect not too thin,good quality shirt perfect for work runs,the fit is perfect true to size,perfect under sheer tops,perfect for layering
5	great	276,70,115,301,457,252,345,265,183,71,84,158,308,213,194,246,95	was great going to order,wear this shirt is great the customer service,quality is great but sizes are,and the color is great,great yoga top very,it the print is great even my very,and they are still great they have been,4 this is a great all around plus,& the fabric is great so i 'll,thrift shop it first great,fashion blog about how great these tanks are,the shirt however is great,style is great,good quality great fitting,it was delivered promptly great product,products are great washed nicely and comfortable,an inch or two too short for me otherwise its great
6	quality	339,373,50,109,399,237,189,115,55,104,130,240,284	have no problem with quality of product service,not impressed with the quality the color however,too short for me quality of the fabric,wear because of their quality and easy care,very upset that the quality is no where,does n't wrinkle orvis quality at a good,it very good in quality thanks to amazon,quality is great but,nice fit and quality,did not like the quality of this shirt,the quality of this cami,excellent fit and quality,quality is good however
7	too small	468,227,436,9,60,200,138,173,51,400,92,471	is about a size too small it 's of,the size was still too small although the sizing,for good coverage but too small for me in,would have been way too small,made but a little too small and i usually,say it 's way too small i would say,the bra was way too small but i cut,it 's way too small it 's non,it is cut almost too small if it shrinks,beautiful shirt slightly too small even with using,much however they were too small sent them back,product is too small ill constructed
8	fit	13,228,261,61,316,469,210,480,4,126,44,306,383	the product and it fit my 40dd breast,or out to play fit is perfect have,late fall wedding the fit is perfect true,white color and the fit was perfect i,looked like it would fit a little freely,on time delivery the fit is on the,shirt is nice the fit is somewhat large,love this top the fit and feel are,5 2 and this fit her nicely unlike,stated large but the fit was like extra,before i like there fit and style and,fit was okay,very happy with the fit fabric quality and comfort
9	very comfortable	458,168,215,426,460,334,254,457,123,9,177,58	i like it lots very comfortable while working out,all the right places very comfortable,love it it 's very comfortable,all the right places very comfortable,very comfortable and hides my,wanted but they are very comfortable and the colors,very comfortable and like that,great yoga top very comfortable and soft makes,very nice tank top very comfortable and stylish great,it is a very comfortable denim shirt however,lost weight this was very comfortable but a little,awesome fit very comfortable
10	like	432,196,44,2,81,291,92,277,320,48	i like it a lot,the color is just like the picture,and jones before i like there fit and,i like cuddl duds and,i like this tank so,i like the shirt and,i like the shelf bras,n't look at all like the picture made,i like the material and,i like the shirt but
11	soft	412,125,457,77,290,122,139,193,6,87,253	the bust area is soft fabric that very,camisole the fabric was soft and the fit,top very comfortable and soft makes for an,this top its so soft and fits like,really well and very soft,is very comfortable and soft the material is,but it 's really soft and fits comfortably,material is light and soft as well i,soft base for winter,slim tight comfortable and soft i would wear,material is so soft feels great on the skin
12	fits well	382,326,356,295,43,128,183,29,269,266,335	is really nice it fits well but sometimes has,is made well and fits well but the color,fits well i 'm pleased,the top fits well and the material,nice shirt and fits well,also very soft and fits well,was disappointing but it fits well & the fabric,use the delicate cycle fits well,love the fabric fits well combination of blues,it fits well and looks pretty,fits well too many buttons other than that
13	love it	301,376,251,215,435,416,252,348,186,238,341,407,154	baggy in sloppy way love it and the color,i really love it it 's a,fit perfect and i love it,a sun allergy i love it it 's very,'s long and i love it under my sheer,love it my favorite cami,oh l love it the print is,love it wear it every,love it & the product,very nice love it,the top is a perfect fit love it,love it fits great does the job,they both love it
14	comfy	354,470,370,345,470,307,369,34	its very pretty and comfy,it was cute and comfy enough for casual,a maternity top but comfy to wear around,are very roomy and comfy i do n't,cheap for that still comfy though and great,shirt is awesome so comfy,sizes to big but comfy it makes me,is n't soft and comfy i 'm not
15	recommend	65,153,492,65,261,286,346,61	a size i would recommend them,additional shirts and will recommend them to others,very beautiful i would recommend,i would recommend these shirts but,is fabulous i highly recommend this for evening,see it but me recommend for a younger,wear this and would recommend this to anybody,i have i would recommend this for work
16	fits	430,290,397,84,409,466,232,424,349	i love this shirt fits very comfortable,and it is great fits really well and,exact size and it fits me perfectly fine,would try one it fits exactly as the,it fits even better than,especially in red it fits around my boobs,this blouse fits a bit small,i 'd read it fits me well though,fits and looks great
17	very cute	99,432,429,396,69,367,24,436,365	on time and was very cute on,like it a lot very cute and body hugging,very cute and last pretty,shirt with black khakis very cute,looks like school uniform very cute,it 's very cute a tiny bit,very cute a little smaller,very cute cami the length,very cute sexy wish i got
18	color	254,261,301,341,196,297,338,373	washes up nicely the color has not faded,true to size the color is fabulous i,love it and the color is great,love the color the top is,i wanted and the color is just like,looks great on the color is terriffic and,the summer heat the color is wonderful and,with the quality the color however was lovely
19	cute	398,113,491,401,204,404,82,470	been disappointed clothes are cute on full figures,but the shirt is cute,fine and is actually cute but is an,this shirt is really cute ugh,super cute shirt but the,ever purchased it looked cute but when i,this tank is cute but very very,i though it was cute and comfy enough
20	pretty	159,374,413,118,253,124,354,1,305	it is a very pretty shade of blue,pretty and quality products,on it is very pretty with the lacy,blue color is very pretty and true to,on the skin very pretty blue,nice pink color really pretty the small was,long but its very pretty and comfy,very pretty and comfortable but,very pretty fit well
21	beautiful	89,438,353,26,107,18,64,251	shirt and it is beautiful i would 've,this is a beautiful cami it 's,the product is beautiful and works well,bottom but it is beautiful,beautiful shirt but had,shirt and it is beautiful i would 've,beautiful shirts great fit,this blouse is beautiful
22	material	223,320,334,122,193,286,439	was suppose to be material was flimsy and,i like the material and the purple,fit very well the material is a little,comfortable and soft the material is thicker than,which is great the material is light and,what i expected the material is thicker then,slims me out the material is comfortable too
23	too large	5,370,374,425,19,177,39,333	shapeless medium size was too large even after washing,too large in the body,quality products but way too large it seems like,too large but it is,error end in ordering too large for my frame,comfortable but a little too large to do much,it was a hair too large it 's well,too large not as pictured
24	very disappointed	490,63,16,158,401,386,134	out of the question very disappointed with this purchase,very disappointed i ordered a,runs large i was very disappointed that i needed,of an extra large very disappointed with the fit,a refund i was very disappointed because this shirt,nothing for ones figure very disappointed,i was very disappointed in the fit
25	large	63,51,210,170,116,76	disappointed i ordered a large when i pulled,for the large size it is,the fit is somewhat large so make sure,quality blouse it is large on me and,like a child 's large,it was both large and dirty when
26	expected	125,409,181,361,193,217	fit was what i expected,even better than i expected it is comfortable,was larger than i expected,looked nothing like i expected the draped part,shirt fits as i expected it to which,color not what i expected
27	fabric	56,308,180,183,249,392	the quality of the fabric i washed it,in a plus size fabric is good style,the style however the fabric is on the,fits well & the fabric is great so,are very different the fabric is a lot,the fabric is thick and
28	disappointed	56,306,86,147,249,216	for me i was disappointed in the quality,i was disappointed in the fabric,the gym i was disappointed with the sizing,one on amazon rather disappointed but not worth,i was disappointed with the fit,of the shirts was disappointed with the clay
29	great shirt	153,22,141,190,390,27	great shirt but no need,this is a great shirt at a great,great shirt thank you,great shirt for a sweet,great shirt for work i,it 's a great shirt not too thin
30	thin	298,139,200,479,85,470	material is kind of thin wear a black,product it 's pretty thin and i still,it cheaply made super thin fabric feels like,and fit this is thin which is perfect,these are very thin and see through,and the shirt is thin and flowy perfect
31	see through	85,480,468,473,463,431	are very thin and see through i bought this,pink it is totally see through it is great,so tight it was see through i decided to,well but a little see through when worn as,is that its pretty see through but the loose,basically see through so i ca
32	happy	419,179,156,74,71,139	i am happy with the cleavage,and i 'm so happy with the purchase,you will not be happy with this product,made to last im happy with it and,alike i am so happy i found them,i 'm so happy with this product
33	very nice	123,52,29,124,197,212,238,46	very nice tank top very,color wild geranium is very nice,very nice shirt that washes,very nice pink color really,shirt  is a very nice shirt but make,36 dd but a very nice shirt,very nice love it,in fabric and cut very nice feminine
34	cheap	164,223,267,470,404	this shirt it was cheap and the red,material was flimsy and cheap looking,made out of flimsy cheap material fyi seller,think it looks too cheap for that still,you 're wearing a cheap child 's halloween
35	not	116,389,73,484,499	this camisole does not appear to be,big and i have not been able to,poor quality it did not have the tucked,ugly scrubs top not a fashion top,this is not a plus size
36	wonderful	168,102,338,449,130,95	this top is wonderful to wear you,these are wonderful shirts easy to,heat the color is wonderful and as pictured,tank and it looked wonderful it fits a,of this cami is wonderful especially for the,the tank itself is wonderful
37	small	32,153,32,225,32	me i ordered a small and i 'm,roomy just a bit small thru the bust,sleeve is kind of small when the button,nice shirt runs small,'re a medium a small would probably fit
38	fit as expected	194,214,423,167,346,229,411	it fit as expected it was delivered,sizes and these shirts fit as expected,fit as expected and is a,both pretty cool and fit as expected,exactly on time and fit as expected i love to,as described fit as expected,easy to wash and dry fit as expected
39	well	271,202,290,338,424	washed and dried very well hung it on,the top fit my well with the exception,is great fits really well and very soft,layering it works very well i love this,read it fits me well though i am
40	shirt	310,466,268,192,113	a really great basic shirt for summer i,i love this shirt especially in red,on the town the shirt is long enough,not only washed the shirt and it shrank,the material but the shirt is cute
41	great quality	36,79,331,303,49	great quality i completely satisfied,great quality,great quality for price,great quality was what i,great quality nice fit
42	comfort	383,130,336,274,427	fit fabric quality and comfort of the product,a size larger for comfort they are thin,i really like the comfort and coolness of,if your looking for comfort this is the,fantastic fit comfort and perfect
43	sizing	204,86,373,394	cute shirt but the sizing is so far,was disappointed with the sizing,i found the sizing to be way,is n't just mis sizing this is flat
44	good quality	292,485,10,275,60,393,213	comfy it is a good quality product,good quality shirt perfect for,tight armholes it was good quality i will say,products are of very good quality i have purchased,good quality well made,fast shipping good quality and will work,good quality great fitting
45	wrinkle free	234,101,153,102	because they truly are wrinkle free this particular blouse,shirts they really are wrinkle free i already have,nice material and stays wrinkle free all day i,because it is so wrinkle free
46	good	189,473,284,189,487	good i found it,to wear in public good apparel for yoga,run small quality is good however,i found it very good in quality thanks,good for summer
47	wear	466,409,222,14	you ca n't really wear it with certain,good length i would wear it everyday i,4 are perfect can wear it all seasons,liked the color i wear it a lot
48	too big	292,67,54,270	i bought this too big but it is,it is a bit too big for me i,but this was simply too big even the sleeves,plus it was way too big and looked horrible
49	too short	267,95,50,201	by threads sleeves way too short for adult size,an inch or two too short for me to,bust and this was too short for me quality,but the necklace was too short on one side
50	fits nicely	314,159,216,27,100	a size down it fits nicely and is quality,this fits nicely no need for,of a salmon color fits nicely a little roomy,not too heavy it fits nicely and it looks,fits nicely soft material
51	price	397,23,421,130	stretchy i think the price is a little,of the fabric the price and the colors,only negative is the price but to add,wonderful especially for the price they run small
52	looks great	195,112,500,414,106,262,349	the shirt looks great,'s very comfortable and looks great on,lightweight comfortable and looks great husband loves the,smooth everything out it looks great and feels great,looks great fits great,has great stretch and looks great,fits and looks great
53	little smaller	65,363,447	these shirt types a little smaller they are really,was a little smaller than i thought,plus and runs a little smaller it 's not
54	cut	51,23,222	large size it is cut almost too small,small fits perfectly the cut is loose but,i like the cut of the shirt
55	perfect fit	376,315,162,341	it it 's a perfect fit,beautiful color and a perfect fit thank you,perfect fit it was scratchy,the top is a perfect fit love it
56	lovely	373,94,171,129	the color however was lovely i have ordered,and it 's still lovely,this is a lovely blouse with nice,fits as expected lovely shirt
57	cool	384,462,409	smooth comfortable and yes cool tank i will,because they are so cool and lightweight the,oh and it is cool too
58	runs small	82,241,445	very very tight definitely runs small,nice design but runs small,i know there stuff runs small on me so
59	again	59,27,126	buying from this company again,i 'd buy it again,order clothing from amazon again the sellers do
60	thick	256,392,345	so scratchy and almost thick expected a light,the fabric is thick and it is,comfy material and are thick they are not
61	feels great	17,456,414	feels great i will buy,favorite fits great and feels great,it looks great and feels great fits true to
62	well made	398,39,425,60	estimated date items are well made though priced a,too large it 's well made seems to have,but it is a well made shirt,good quality well made
63	comfortably	25,357,476	this shirt it fits comfortably and its sexy,and that size fits comfortably i purchased a,sufficiently loose to exercise comfortably in it
64	style	44,37,180	like there fit and style and the price,but the colors and style of the shirt,love the style however the fabric
65	wrinkled	366,56,45	bra and not just wrinkled up,and it was quite wrinkled and hard to,to dry it still wrinkled as though i
66	product	383,353,492	and comfort of the product,the product is beautiful and,is excellent and the product is very beautiful
67	fits perfectly	23,437,221,380	size 6 the small fits perfectly the cut is,this shirt fits perfectly i got the,dryer drama love it fits perfectly thank you for,fits perfectly and thicker than
68	snug	97,75,124,79	all and is not snug or long as,its snug but i am,perfect the medium is snug i would go,very snug
69	to small	497,394,166	blouse but it was to small for me so,wear and it was to small i gave this,when washed it was to small
70	liked	32,209,14	i probably would have liked the shirt if,very beautiful shirt i liked the necklace that,did fit and i liked the color i
71	loved	298,25,163	a different pattern and loved it fair warning,i absolutely loved this shirt it,week and co workers loved the color and
72	fits great	237,179,108,236,106,144,417,456	3 4 sleeve sweater fits great 60 40 cotton,up there not sure fits great on me tho,great quality shirt that fits great it 's nice,very nice top fits great and very soft,looks great fits great,looks and fits great,love it fits great does the job,this is my favorite fits great and feels great
73	hot	160,83,188	and not itchy or hot not for me,very snug and exceptionally hot too,this is a very hot leotard though it
74	fit perfectly	161,160,87,301	super satisfied the blouse fit perfectly and i love,with this shirt it fit perfectly and it 's,cup is 29e this fit perfectly > slim tight,bit large and thus fit perfectly
75	little large	285,322,112	pleased it was a little large of course i,a little large but can wear,though it is a little large it 's very
76	pleased	285,461,356	now while i was pleased it was a,before and was very pleased i bought the,fits well i 'm pleased
77	great fit	64,438,199,372	beautiful shirts great fit and my daughter,on it 's a great fit & nice material,comfortable and great fit with a standard,great fit love the shirts
78	really cute	447,364	it 's really cute but i forgot,huge still it 's really cute and will still
79	fits as expected	317,185,129	nice top that fits as expected it washed up,that its fine and fits as expected small is a,fits as expected lovely shirt
80	run large	291,323	size they seem to run large i sent the,tank tops but they run large i usually wear
81	dry cleaned	89,18	it has to be dry cleaned this is one,it has to be dry cleaned this is one
82	love the quality	441,161	love the quality but this fits,fit perfectly and i love the quality
83	hesitant	316,14	i was a little hesitant but it looked,i was hesitant on buying any
84	has	18,122	i 'd known it has to be dry,color is pretty and has n't faded even
85	washes	29,254	very nice shirt that washes up nice i,like that its long washes up nicely the
86	too tight	10,403	the arms would be too tight,your company that was too tight claiming to be
87	nice quality	260,157	nice quality cotton shrank when,nice quality as i would
88	beautiful color	235,315	the shirt is a beautiful color and fits just,such a beautiful color and a perfect
89	awesome	307,221	this shirt is awesome so comfy,awesome shirt i bought
90	long enough	264,268	shirts because they are long enough to make me,town the shirt is long enough to cover what
91	does n't wrinkle	221,237,243	another color too it does n't wrinkle up at all,a good weight and does n't wrinkle orvis quality at
92	very disappointing	355,204,454	oddly constructed and so very disappointing on  i,sizes smaller than normal very disappointing,right top strap ripped very disappointing
93	adjustable straps	125,7	a shelf bra and adjustable straps it had neither,smoothing i love the adjustable straps i am probably
94	short	145,313	and the sizing is short,material and they are short but good enough
95	fit very well	201,334	problems with it it fit very well however the main,the shirts i purchased fit very well the material is
96	necklace	209,201	shirt i liked the necklace that was included,to it but the necklace was too short
97	looked great	454,283,351	shirt out and it looked great the problem came,easy to clean & looked great,fit great looked great
98	gorgeous	256,433,434	the bib section is gorgeous but definitely seems,gorgeous please bring this,gorgeous excellent quality
99	satisfied	36,275	great quality i completely satisfied,and have been very satisfied with them
100	really small	115,12	great but sizes are really small,really small so had to
101	nice fabric	279,171,66	very nice big shirt nice fabric & fit i,a lovely blouse with nice fabric i wore it,very comfortable nice fabric will reorder
102	stretched	399,114	it as if it stretched and the thread,because all mine are stretched out overall a
103	nice shirt	322,228	large but can wear nice shirt,nice shirt can wear to
104	fits snug	414,451	120 125 and this fits snug but that the,fits snug but complements my
105	medium	482,32	should 've ordered a medium,if you 're a medium a small would
106	faded	484,122	made of tablecloth material faded black and about,pretty and has n't faded even after several
107	thicker	286,122	expected the material is thicker then i would,soft the material is thicker than some and
108	love the fit	117,330,475	love the fit and charcoal or,love the fit and i have,size were as described very soft love the fit
109	thinner	334,249	material is a little thinner than i wanted,fabric is a lot thinner and the cut
110	quick delivery	189,152	thanks to amazon for quick delivery,good quality and had quick delivery
111	highly recommend	418,164	looks expensive beautiful color highly recommend this great shirt,i 'm sure i highly recommend this particular shirt
112	very good	88,20	very good when you need,my shirt gotapparel is very good to work with
113	high	398,397	though priced a bit high but i 've,price is a little high but i get
114	fits perfect	483,323,255,443	size fits perfect and the cotton,in these the 1x fits perfect & is very,fits perfect makes me look skinnier
115	little thin	422,117	is nice but a little thin i do n't,or dark gray a little thin otherwise serves it
116	hard to iron	56,231	was quite wrinkled and hard to iron it was also,needs ironing and hard to iron
117	do n't	59,60	like the blouse i do n't usually buy clothes,small and i usually do n't get my size
118	to big	369,273	its about 3 sizes to big but comfy it,it is a little to big for me
119	buy	59,84	i do n't usually buy clothes every often,back on amazon to buy more colors because
120	smaller than expected	24,147	very cute a little smaller than expected,feels smaller than expected and i have
121	very snug	212,83	very snug in the breast,petite this will be very snug and exceptionally hot
122	little too large	339,375	n't feel just a little too large i have no,i little too large in the scoop
123	fits correctly	426,168	good in it it fits correctly in all the,good in it it fits correctly in all the
124	very flimsy	495,459	lace is very flimsy and has started,this is very flimsy and there is
125	fit great	7,31,351	skinnytees 20-24 each these fit great i am a,iron needed the shirt fit great and was comfortable,fit great looked great
126	love these shirts	174,151	love these shirts and wish they,that is why i love these shirts
127	super comfy	437,474	& the material is super comfy as well i,super comfy slightly sheer
128	refund	93,453	i want a refund on this item,to issue me a refund for a return
129	love this shirt	37,143	i love this shirt and it is,i love this shirt
130	returned	62,294,333	a blouse i sadly returned it the material,a gift and they returned it said it,not as pictured returned
131	light	193,338	great the material is light and soft as,this shirt is light and flows nicely
132	what i wanted	47,196	just what i wanted,just what i wanted and the color
133	nicely	4,254	and this fit her nicely unlike the other,its long washes up nicely the color has
134	flimsy	361,223	looked horribly made and flimsy i returned it,to be material was flimsy and cheap looking
135	order more	276,40	was great going to order more,i am going to order more in some of
136	fit well	80,470,305	love these tank tops fit well and are n't,this item fit well and the shirt,very pretty fit well
137	i love it	448,440	it 's so long i love it i 'm going,from the first wear i love it
138	nice top	312,317	very nice top nice shade of,nice top that fits as
139	cheaper	402,7	material is a little cheaper than i thought,from tilly or much cheaper shipping 7th sole
140	baggy	179,5	chested it might be baggy up there not,baggy and shapeless medium
141	cheaply made	250,200	lasted one wash very cheaply made,do n't buy it cheaply made super thin fabric
142	returning	63,54	women i will be returning it for a,case i shall be returning it
143	heavy	180,408	fabric is on the heavy side for me,fabric is stiff n heavy cant use spanx
144	blouse	59,46	i really like the blouse i do n't,but the white poplin blouse is just what
145	smaller	114,265	fit just a bit smaller than i 'm,just felt a lil smaller than old 1xs
146	arms	10,344	was fine but the arms will it just,too big under the arms i am only
147	nice fit	37,55,296,49	but it is a nice fit so its good,nice fit and quality,nice color nice fit,great quality nice fit
148	favorite	18,89,456	that immediately becomes your favorite and then it,that immediately becomes your favorite and then it,this is my favorite
149	true to size	176,414,261	true to size color and fit,and feels great fits true to size in my opinion,the fit is perfect true to size
150	order bigger	464,197	so i would say order bigger than normal so,but make sure you order bigger that you need
151	no support	1,459	and comfortable but offers no support what so ever,flimsy and there is no support at all in
152	very tight	82,218	is cute but very very tight definitely runs small,very tight in the breast
153	run small	130,360,284	for the price they run small so order a,prepared for this to run small i am normally,have to say these run small
154	nice material	153,438	thru the bust area nice material and stays wrinkle,a great fit & nice material i 'm a
155	runs	447,304	this is junior plus and runs a little smaller,nicely made but runs just a tad large
156	size	289,28	i ordered down a size on this one,nice fits true to size
157	good price	237,124	orvis quality at a good price,the camis are a good price and lots of
158	length	264,332	they hold their length and shape after washing,i love the length
159	money	495,105	do n't waste your money,material well worth the money
160	not worth	200,147	made in china top not worth the price at,amazon rather disappointed but not worth the shipping charges
161	complements	397,451	high but i get complements every time i,fits snug but complements my curves if
162	stretchy	397,137	fine the lace is stretchy i think the,spandex so it 's stretchy and should n't
163	great customer service	193,210	i expected as well great customer service also,size down they have great customer service
164	lace	495,397	lace is very flimsy,me perfectly fine the lace is stretchy i
165	low quality	328,351	the shirt was really low quality should have stuck,instructions exactly but the low quality lace kills it
166	little small	357,452	shirt would be a little small i had no,the 3x was a little small plus the bass
167	order	475,31	the fit going to order 2 more,do i decided to order 4 more the
168	pads	452,452	make it work those pads are not listed,not expect to have pads in the breast
169	works well	353,385	works well on women with a fuller figure,works well under summer tops
170	great product	243	great product does n't wrinkle
171	better than	409	it fits even better than i expected it
172	it fit great	244	size larger than normal it fit great
173	overall happy	243	more tailored fitting but overall happy
174	too stiff	232	fabric is a little too stiff even after washing
175	plain shirt	26	different from the pictures it just plain shirt
176	compliments	52	i got so many compliments at work i
177	perfect length	135	perfect length for what i
178	wonderfully soft	392	and it is absolutely wonderfully soft inside it has
179	all i wear	109	they are practically all i wear
180	fits as	193	the shirt fits as i expected it
181	product shipped faster	186	love it & the product shipped faster than expected
182	xlarge	92	back and ordered an xlarge you shud have
183	awesome shirt	282	this is an awesome shirt it looks spectacular
184	tiny bit snug	367	's very cute a tiny bit snug
185	do not show stains	169	and wear well they do not show stains either
186	arrived on time	99	arrived on time and was very
187	purchased	44	i have purchased devon and jones
188	not as expected	326	but the color is not as expected their is to
189	fit was right on	157	expected from woolrich products fit was right on and best of
190	full refund	63	returning it for a full refund
191	washed	358	the second time i washed it
192	big	449	it fits a little big but thats ok
193	nice silky feel	159	it also has a nice silky feel to it you
194	other colors	81	I like this tank so well that I have ordered other colors
195	smaller size	413	help me consider a smaller size if you purchase
196	on the small scale	211	ok little on the small scale
197	not impressed with	373	another because i was not impressed with the quality the
198	repel water	164	own that seems to repel water i 'm a
199	absolutely love	442	i absolutely love them so glad
200	fabric quality	383	very happy with the fit fabric quality and comfort of
201	breezy feel	338	the body creating a breezy feel for the summer
202	was n't stitched	75	has a seam that was n't stitched under the left
203	picture made me look pregnant	277	at all like the picture made me look pregnant
204	did fit	14	surprised that the top did fit and i liked
205	washed nicely	246	products are great washed nicely and comfortable
206	easy to launder	102	these are wonderful shirts easy to launder and travel with
207	thumb holes	392	it has the thumb holes i was n't expecting
208	sizes run very small	16	camp shirt but the sizes run very small this surprised me
209	cute practical	461	i love the flowy cool fabric and the cute practical style
210	enjoy	234	i enjoy this brand because
211	not a woman 's large	140	this is not a woman 's large waste of $
212	shorts	466	wear it with certain shorts because it could
213	pretty cool	167	and the red both pretty cool and fit as
214	runs smaller	136	small but this cami runs smaller than normal i
215	sizes	115	quality is great but sizes are really small
216	middle control	412	is a must for middle control you wo n't
217	bit small	232	this blouse fits a bit small the fabric is
218	wo n't work	453	pretty petite this probably wo n't work for you they
219	sizes are misleading	53	the sizes are misleading i am a
220	exception	202	my well with the exception of the bust
221	too much room	54	the sleeves had way too much room at least 1.5-2inches
222	very well made	40	wear this these are very well made washed up just
223	pilling	351	started breaking apart and pilling i stuck to
224	night out shirt	142	great date or girls night out shirt
225	immediately becomes	18	one of those shirts that immediately becomes your favorite
226	not the best quality	8	not the best quality not i can
227	very comfy	278	it is a very comfy shirt washes well
228	pretty cheap material	455	pretty cheap material and good lord
229	american apparel	95	american apparel 's clothes are all really nice
230	horribly made	361	whole thing it looked horribly made and flimsy i
231	very good product	114	stretched out overall a very good product
232	colors	37	more consistent but the colors and style of
233	remove wrinkles	21	drap used sreamer to remove wrinkles
234	easy to wash	411	work well for me easy to wash and dry fit
235	crisp shirt	57	this has a very crisp shirt
236	prompt service	255	prompt service fits perfect
237	return the shirt	16	that i needed to return the shirt
238	beautiful eye catching purple	407	the shirt is a beautiful eye catching purple but the sizes
239	way smaller than normal	242	shirt was way smaller than normal comfort colors they
240	prefer	91	I definitely prefer this to the sweat stains I had before
241	fit is feminine	265	in different colors overall fit is feminine and doesnt look
242	came quickly	287	love this cami it came quickly and the yellow
243	cheaper alternative	7	at it as a cheaper alternative to skinnytees if
244	good material	65	and look really nice good material i like the
245	3 4 sleeves	222	like the cut of the shirt and the 3 4 sleeves
246	loved it	205	my friend loved it for her birthday
247	sizing is misleading	359	sizing is misleading i order the
248	tall	263	this item was wider than it was tall - i ordered it for the length
249	shapeless	5	baggy and shapeless medium size was
250	did not fit	401	this shirt did not fit true to size
251	great for layering	81	very tight and is great for layering
252	very nice blouse	497	a very nice blouse but it was
253	get a hole	188	though it did get a hole the first time I wore it
254	did not look	270	shirt did not look the same - the colors were darker
255	love the style	245	material very then but love the style
256	fantastic value	66	fantastic value love this shirt goes
257	way off	373	the sizing to be way off the product was
258	very then	245	arrived ontime material very then but love the
259	support without binding	122	and it provides some support without binding the strap on
260	impressed	323	not too thick very impressed at how well
261	if it fit	32	have liked the shirt if it fit but it was
262	great price	22	great shirt at a great price it bounces back
263	bounces	22	a great price it bounces back after washing
264	totally unsatisfactory	85	another under the shirt totally unsatisfactory in my book
265	sleeves are too short	97	sleeves are too short they come above
266	without adding heat	385	well under summer tops without adding heat
267	shirts	14	and under button down shirts
268	compliments every time	259	compliments every time i wear it
269	one of my faves	496	and it is still one of my faves
270	misses size	116	appear to be a misses size it is more
271	love these	109	i love these shirts they are
272	wrong color	48	shirt but received the wrong color
273	hem	470	first washing the bottom hem is now rolled
274	super satisfied	161	i am super satisfied the blouse fit
275	hold	264	feel comfortable and they hold their length and
276	smaller than described	206	the item was smaller than described also the glitter
278	great for cardio	462	2 more they are great for cardio because they are
279	straight shape	98	areas more of a straight shape than a fitted
280	good length	409	and it is a good length i would wear
281	good looking	103	this is a good looking short sleeve shirt
282	hassle	119	did n't want to hassle sending it back
283	did n't love this	98	did n't love this the cotton was
284	tangled	25	get mixed in and tangled with other clothes
285	are n't short	80	tops fit well and are n't short like many of
286	tight tight tight armholes	10	good everywhere else but tight tight tight armholes it was good
287	bigger	3	i bought two sizes bigger but it still
288	form fitting	137	fade quickly it is form fitting but not tight
289	sleeves shrunk	327	the first washing the sleeves shrunk so they fit
291	high for the price	50	fabric and stitch was high for the price
292	like it so well	155	in several colors i like it so well
293	true to photo	118	is very pretty and true to photo
294	fits comfortably	139	's really soft and fits comfortably not to mention
295	fast shipping	393	fast shipping good quality and will work
296	go with anything	377	the style can go with anything and is comfortable
297	butt	187	perfect nearly perfect bubbly butt the thong cut
298	too thick	98	this the cotton was too thick for my personal
299	size was perfect	378	it turns out the size was perfect the top is
300	fit was ok	309	the fit was ok i did n't
301	good product	33	just what i wanted good product in every way
302	easy care	109,30	of their quality and easy care they come out,easy care nice clot
304	wo n't stretch	135	that way so it wo n't stretch out as quickly
305	easy to maintain	57	very crisp shirt and easy to maintain i will be
306	second time	358	fell apart after the second time i washed it
307	step down one size	40	the colors and will step down one size nevertheless i can
308	excellent fit	240	excellent fit and quality
309	loved the colors	16	i loved the colors and patterns in
310	okay	306	to iron fit was okay
311	somewhat fitted	390	with no pocket still somewhat fitted but not too
312	very beautiful	492	and the product is very beautiful i would recommend
313	fabric shrunk	490	then became unwearable the fabric shrunk so much that
314	best shapewear	412	this is the best shapewear the bust area
315	way to small	119	a large it is way to small did n't want
316	very decent	54	quality and fabric is very decent but as soon
317	every	420	them and wears them every day the loops
318	snag	25	the ribbon it will snag and get mixed
319	not tight	137	is form fitting but not tight color as expected
320	cool top	340	cool top for work or
321	soft and comfortable	35	this is so soft and comfortable yet shapely great
322	cool and comfortable	288	the house and keep cool and comfortable all summer long
323	looks expensive	418	fabric low priced but looks expensive beautiful color highly
324	too sheer	56	iron it was also too sheer for me to
325	dries nicely	150	washes and dries nicely fit true to size
326	shirt quality	54	the shirt quality and fabric is
327	only issue	464	7 now but the only issue i have with
328	winter	2	have worn them for years especially in the winter
329	fit true to size	150	washes and dries nicely fit true to size
330	comfortable fit	423,11	is a comfortable fit,good quality fabric comfortable fit love it
331	dissatisfied	371	have not ever been dissatisfied with anything i
332	up a size	65	highly recommend anyone to up a size they seem to
333	kinda big	96	in the material and kinda big the neck does
334	quick	453	you they were very quick to issue me
335	did n't like	347	wife did n't like it so we
336	curves	73	fits a women 's curves it was very
337	unfair	368	7.95 off my return unfair in my opinion
339	did n't stay tucked	3	it still road up did n't stay tucked
340	my size	239	for a leotard in my size that fits me
342	nice fitting	233	nice fitting cami for a
343	washed dried without shrinkage	340	for work or play washed dried without shrinkage
344	fit like tailored shirts	163	ordered five more these fit like tailored shirts which i love
345	makes me look skinnier	443	fits perfect makes me look skinnier
346	beautiful top	256	beautiful top i got the
347	made to last	74	this shirt was made to last im happy with
348	rolled	470	bottom hem is now rolled a bit you
349	looking like	281	i ends up looking like a maternity top
350	problem	454	it looked great the problem came when i
351	summer	487	thin material good for summer flows nicely
352	fitted shape	98	straight shape than a fitted shape
353	just what i wanted	302	just what i wanted
354	buying again	20	i will certainly be buying again from gotapparel again
355	flowy perfect	470	shirt is thin and flowy perfect for throwing on
356	amazon	71	them being sold on amazon others from a
357	4 stars	61	4 stars because the wrists
358	convenient	275	shopping amazon it is convenient and the products
359	not crazy	113	not crazy about the material
360	sent back	293	sent back because it was
361	tube tops	14	hesitant on buying any tube tops at my age
362	scratchy at first	162	perfect fit it was scratchy at first washed and ironed
363	navy	61	this shirt with a navy colored skirt i
364	maternity top	281	up looking like a maternity top
365	bit larger	284	wish it were a bit larger i 'd have
366	very dissatisfied	499	size strapless i was very dissatisfied false advertising
367	great cotton blend	224	of dryer right away great cotton blend shirts
368	be warned	62	to wear it out be warned about the length
369	different from the picture	486	seemed like it was different from the picture in the way
371	everyday	409	i would wear it everyday i usually wear
372	sufficiently loose	476	coo l comfortable and sufficiently loose to exercise comfortably
373	highly suggest	417	uncomfortable or hot i highly suggest this product
374	top fit	202	the top fit my well with
375	year	496	had it nearly a year now and it
376	no where	258	is very flowy and no where is it fitting
377	not itchy	160	fabric is ok and not itchy or hot not
378	on time delivery	469	on time delivery the fit is
379	thin badly made	404	it is a thin badly made black tube too
380	great date	142	its a great date or girls night
381	bottom	464	roll up at the bottom all the time
382	very flowy	258	top the rest is very flowy and no where
383	not worn	321	i have not worn it yet but
384	ugly	484	ugly scrubs top not
385	nice drap	21	nice drap used sreamer to
387	loves them	420	blouses for work she loves them and wears them
388	it did	316	a little freely and it did
389	good for curvy	450	good for curvy girls looks both
390	expensive	284	sending something back is expensive and a pain
391	pick randomly	248	to learn they just pick randomly and that is
392	larger than	181	it was larger than i expected
393	looked like new	271	hung it up it looked like new
394	much too large	149	house because it 's much too large
395	crocheting was	491	the crocheting was already unraveling before
396	coarser	104	beige the material was coarser than i thought
397	best	13,380	of both worked the best,this tank top is the best
398	thicker than most	380	best fits perfectly and thicker than most burnout tanks love
399	no iron	31	work washed and dried no iron needed the shirt
400	fit beautifully	62	7 and the shirts fit beautifully very true to
401	way too large	53	but the blouse is way too large 12-14 large totally
402	easy to clean	283	this blouse was easy to clean & looked great
403	too long	324	expected it is way too long looks like a
404	reorder	66	comfortable nice fabric will reorder as many as
405	fitting	258	no where is it fitting
406	works	338	for summer layering it works very well i
407	false advertising	499	i was very dissatisfied false advertising
408	quickly	70	me with my order quickly and i was
409	ran a little small	409	reviews some said it ran a little small so i ordered
410	un raveled	15	it un raveled the first week
411	not a plus size	208	not a plus size top
412	love them	345	of these shirts and love them i wear them
413	work great	332	auto parts so they work great i love the
414	so comfy	262	has great stretch and looks great so comfy
415	very smooth comfortable	384	this is a very smooth comfortable and yes cool
416	fits really tight	357	others be wary this fits really tight in the stomach
417	must	412	comfortable this is a must for middle control
418	quality made	314	fits nicely and is quality made like everything else
419	pleasantly surprised	14	and weight i was pleasantly surprised that the top
420	delivered promptly	194	as expected it was delivered promptly great product
421	shirt is nice	210	this shirt is nice the fit is
422	armholes bigger	249	different neck lower and armholes bigger i can still
423	looks pretty good	266	it fits well and looks pretty good
424	good fit	137,343	good fit i got a,nice color good fit
425	washes well	278	a very comfy shirt washes well and did not
427	returned the item	206	cups loozed cheap i returned the item
428	bling looked great	446	the little bit of bling looked great
429	breathable	402	since it is so breathable it 's a
430	much larger	381	's very nice but much larger than i expected
431	freely	179	chest will fit in freely because the material
432	roll up at	464	with them is they roll up at the bottom all
433	little bit bigger	13	it were just a little bit bigger but since it
434	shirt lasted one wash	250	shirt lasted one wash very cheaply made
435	looked cheap	294	returned it said it looked cheap
436	came unsewn	122	strap on one shoulder came unsewn after a couple
437	replacements	345	replacements for these the replacements are much tighter
438	cheapest	404	this was the cheapest most worthless thing
439	nothing wrong	366	nothing wrong with the product
440	only look good	187	buyers thong body suits only look good on you if
441	not faded	254	nicely the color has not faded have washed it
442	child	116	is more like a child 's large
443	shipping speed	193	love it and the shipping speed was faster than
445	dirty	76	was both large and dirty when it came
446	regular	191	special about the shirt regular quality colorful and
447	comfortable lightweight	418	comfortable lightweight fabric low priced
448	shapely great	35	soft and comfortable yet shapely great alone or as
449	love love love	71	love love love this shirt i
450	fits fine	136	buying a large which fits fine
451	received many compliments	257	pale ocean the outfit received many compliments
452	scratchy went away	162	ironed it and the scratchy went away
453	shrinks	51	too small if it shrinks when i wash
454	ordered	92	sent them back and ordered an xlarge you
455	fit like	197	the 3x and it fit like a regualr large
456	fit is small	133	the fit is small and the tank
457	iron free	39	all ------ it 's iron free yeah it 's
458	free shipping	368	and the magazine offers free shipping and free return
459	fit perfect	280,251	love this top it fit perfect and got lots,this blouse is beautiful fit perfect
460	cleavage covers	419	am happy with the cleavage covers but i should
461	ruined	89	and then it gets ruined in the wash
462	fakey polyester	145	the material is fakey polyester and the sizing
463	plenty room	289	my arms it had plenty room in tummy and
464	stays snug	179	tank top the bottom stays snug to your clothes
465	slip down	382	has the tendency to slip down
466	good cotton inexpensive	39	yeah it 's a good cotton inexpensive oxford shirt that
467	inexpensive	156	if you need a inexpensive white shirt to
468	bra	138	a little differently the bra was way too
469	fits large	68	preschool i teach at fits large just like the
470	hugs	449	form fitting so it hugs the body i
471	good quality fabric	11	good quality fabric comfortable fit love it
472	cuts off	10	will it just about cuts off the circulation i
473	not happy	364	a size bigger but not happy i did it
474	faded drastically	328	warm and the color faded drastically after just one
476	ordered a size smaller	419	but i should have ordered a size smaller
477	huge	364	i did it 's huge still it 's
478	many	54	did n't have very many darts in it
479	soft and flowy	236	fits great and very soft and flowy i got many
480	nice high quality	170	this is a nice high quality blouse it is
481	boob shirt	298	it 's totally a boob shirt so if you
482	years	2	have worn them for years especially in the
483	love this tank	449	i love this tank it has such
484	gave it away	465	i gave it away
485	send back	12	small so had to send back
486	uncomfortable	387	very stiff scratchy and uncomfortable
487	hanging off me	54	it on it was hanging off me i ordered a
488	soothing	378	fabric is soft and soothing to my tortured
489	great service	372,342,319	fit love the shirts great service,excellent job great service
490	needs less ironing	230	60 % polyester it needs less ironing but not as
491	casual	214	wear to work as casual wear i am
492	never came	173	's non existent it never came
493	all fit	138	ordered three colors and all fit a little differently
494	what i needed	288	just what i needed to wear around
495	excellent job	342	excellent job great service
496	snug up top	258	this top is only snug up top the rest is
497	was huge	328	blue and the shirt was huge i washed the
498	medium was perfect	390	but busty and a medium was perfect
499	folds gone	40	and all wrinkles and folds gone after the first
500	n't	466	say is you ca n't really wear it
501	return	325	too will have to return it
502	wear every chance	428	wear every chance i get thank
504	recommending	70	be buying again and recommending this shirt to
505	bought 2 more	329	so much that i bought 2 more in different colors
506	ride up smooth	179	grip and does n't ride up smooth and tight made
507	looks very good	22	back after washing and looks very good
508	no zipper	26	shirt and there is no zipper in the bottom
509	feel good	168	to wear you just feel good in it it
510	looks lovely	360	loose but banded it looks lovely on
511	cute design	453	cute design but unless you are
512	fine love	68	a belt it was fine love the other things
513	to short	111	this shirt is to short and i do
514	poor quality	73	basic school uniform shirt poor quality it did not
515	but	48	i like the shirt but received the wrong
516	absolutely love foxcroft shirts	101	i absolutely love foxcroft shirts they really are
517	goodwill	45	shirts so into the goodwill bag it went
518	nicely made	304	nicely made but runs just
519	launders nice	28	launders nice fits true to size
520	stiff scratchy	387	the fabric is very stiff scratchy and uncomfortable
521	slim	87	this fit perfectly --> slim tight comfortable and soft
522	skin	253	feels great on the skin very pretty blue
523	priced	398	are well made though priced a bit high
524	the best	110	foxcroft shirts are the best that 's all
525	professional look	148	this gives a totally professional look to any outfit
526	terrible fit	415	terrible fit not a xxl
527	armholes	325	purchased one of the armholes was larger than
528	oddly constructed	355	's just so very oddly constructed and so very
529	great buy	460	's chest but a great buy
530	picture	196	is just like the picture
531	low priced	418	comfortable lightweight fabric low priced but looks expensive
532	not one complaint	449	the body i have not one complaint about the tank
533	very hard to iron	306	disappointed in the fabric very hard to iron
534	large enough	301	large enough to satisfy my needs
535	fits me well	239	in my size that fits me well so i can
536	fabric is nice	422	go as planned the fabric is nice but a little
537	true to size but	62	shirts fit beautifully very true to size but they are very
538	wish it were	284	a pain but i wish it were a bit larger
539	misled	53	large 12-14 large totally misled
540	was n't comfortable	486	i was n't comfortable in this style
541	nothing special	191	nothing special about the shirt
542	wear well	169	they wash well and wear well they do not
543	tad long	354	the sleeves were a tad long but its very
544	toooo big	368	shipping and these are toooo big and they said
545	okay with it	72	for someone else are okay with it
546	terriffic	297	on the color is terriffic and it looks
547	washed well	300	ok everyday top washed well
548	able to wear	389	i have not been able to wear it
549	reshelvfing fee	337	that there was a reshelvfing fee what a way
550	addition	148	make a nice neutral addition to any wardrobe
551	coolness	336	like the comfort and coolness of the cotton
553	great looking	490	this was a great looking shirt until i
554	fell apart	358	fell apart after the second
555	costume	404	cheap child 's halloween costume
556	casual and dressy	450	curvy girls looks both casual and dressy depends on jewelry
557	prefect	293	it was n't the prefect tank it was
558	great for the gym	470	still comfy though and great for the gym especially for the
559	supports	412	a binder on it supports both tummy and
560	should n't fade quickly	137	it 's stretchy and should n't fade quickly it is form
561	hides my tummy	460	very comfortable and hides my tummy flattens the look
562	x small fit perfect	38	the x small fit perfect thank goodness even
563	loved this shirt	329	i loved this shirt so much that
564	no lining	395	picture but there is no lining
565	nice smooth base	84	me it is a nice smooth base layer i am
566	buttons kept unbuttoning	192	it shrank but the buttons kept unbuttoning which is not
567	next day	31	order was delivered the next day the shirts were
568	black	447	gon na get a black one too
569	not listed	452	work those pads are not listed in the description
570	patterns	16	loved the colors and patterns in this camp
571	too many buttons	335	fits well too many buttons other than that
572	price was good	56	brand i guess the price was good however
573	worthless	404	was the cheapest most worthless thing i have
574	great tank top	467	great tank top i have ordered
575	very long	62	size but they are very long i would consider
576	just to long	220	for work they are just to long i ca n't
577	very thin material	487	spaghetti top under it very thin material
578	review	132	i already wrote a review
579	surprisingly cool	31	and was comfortable and surprisingly cool all day long
580	looks	144	looks and fits great
581	nothing like	361	all it really looked nothing like i expected the
582	less expensive	2	but they are much less expensive on the net
583	before	44	purchased devon and jones before i like there
584	feels great on	253	material is so soft feels great on the skin
585	excellent	492	the service is excellent and the product
586	disappointing	183	in it that was disappointing but it fits
587	better if it fit	207	would like it better if it fit
588	quality products	374	pretty and quality products but way too
589	bit thin	120	the straps are a bit thin
590	faster	193	the shipping speed was faster than i expected
591	absolutely excellent shirt	219	absolutely excellent shirt i plan to
592	scratchy	256	it to be so scratchy and almost thick
593	run big	314	their clothes tend to run big so i ordered
594	returned it	488	i returned it because it was
595	look	406	than i thought the look is pretty boxy
596	ironing	231	needs ironing and hard to
597	thick material	31	day long despite the thick material i love the
598	not shrink	278	washes well and did not shrink
599	little too short	494	top is just a little too short in length otherwise
600	very pretty	4	the color was a very pretty and flattering emerald
601	very different	249	same unfortunately they are very different the fabric is
602	amazing	480	fit and feel are amazing but in this
603	quality of	56	was disappointed in the quality of the fabric i
604	fit nicely	171	a large and it fit nicely hope it did
605	pretty long	429	very cute and last pretty long
606	this is it	156	white shirt to wear this is it if you hate
607	pretty boxy	406	thought the look is pretty boxy
608	slims me out	439	slims me out the material is
609	plus size strapless	499	this is not a plus size strapless i was very
610	long	97	is not snug or long as it appears
611	sleeves	354	love it the sleeves were a tad
612	definitely comfortable	463	this tank is definitely comfortable i 'm 5ft
613	feminine	46	in fabric and cut very nice feminine
614	will order more	312	nice shade of pink will order more in other colors
615	would	91	is as described i would totally order again
616	40dd	13	and it fit my 40dd breast size i
617	does n't flow	408	design looks good by does n't flow at all giving
618	smooth everything out	414	u want it to smooth everything out it looks great
621	the colors	23	fabric the price and the colors
622	fits true	28	launders nice fits true to size
623	too high cut	185	back is too high cut yes its a
624	looked stunning	205	fit really good and looked stunning defiantly a shirt
625	sometimes too tight	23	120 lbs shoulders are sometimes too tight for me in
626	all wrong	408	giving it to goodwill wash will shrink all wrong sorry
627	it shrank	192	washed the shirt and it shrank but the buttons
628	sale	157	all it was on sale
629	extra small	126	the fit was like extra small i will never
630	differently	138	all fit a little differently the bra was
631	not bright	270	colors were darker definitely not bright like the model
632	just what i needed	220	the shirts are just what i needed for work they
633	never write reviews	31	i never write reviews but i had
634	lightweight	462,500	are so cool and lightweight the colors are,lightweight comfortable and looks great
635	great quality shirt	108	great quality shirt that fits great
636	looked horrible	270	way too big and looked horrible back it went
637	washes very well	444	the stones and it washes very well will come back
638	little freely	316	it would fit a little freely and it did
639	does	179	in rubbery grip and does n't ride up
640	every way	33	wanted good product in every way
641	little roomy	216	color fits nicely a little roomy but has a
642	waist	10	fit in the bust waist was fine but
643	weak thin	96	soft but a bit weak thin in the material
644	would wear	87	comfortable and soft i would wear this whenever
645	great fabric	114	great fabric and fit just
646	roo big	107	it because it was roo big
647	good style	308	plus size fabric is good style is great happy
648	circulation	10	about cuts off the circulation i do n't
649	drape and fit	479	like the shirt 's drape and fit this is thin
650	did n't have	54	blouse but this really did n't have very many darts
651	still too big	389	unfortunately this top is still too big and i have
652	was n't long enough	209	only downfall was it was n't long enough for my turso
653	would like	207	would like it better if
654	small side	469	fit is on the small side
655	uniform	73	was a basic school uniform shirt poor quality
656	makes	388	your devotion it really makes a statement
657	fit is great	248	worked just fine the fit is great and did not
658	delcious	483	of the blouse is delcious
659	buy more	17	feels great i will buy more
661	stayed in place	421	they worked fine and stayed in place and you do
662	see	91	of lines you can see through the shirt
663	very happy with	383	every color i am very happy with the fit fabric
664	off	204	sizing is so far off i saw the
665	dry	411	easy to wash and dry
666	see thru	404	too with the glittery see thru top half attached
667	stomach	357	really tight in the stomach area with very
668	fabulous	261	size the color is fabulous i highly recommend
669	sharp looking	230	ironing but not as sharp looking
670	runs large	320	i purchased the top runs large order a smaller
671	definitely worth purchasing	353	underside of the sleeves definitely worth purchasing as long as
672	displeased quality	93	item i was very displeased quality is that of
673	happy summer shirt	308	style is great happy summer shirt
674	looking for	308	just what i was looking for in a plus
675	lumpy areas	413	will smooth out obvious lumpy areas but that 's
676	sexy	25,268,365	fits comfortably and its sexy the only thing,comfortable sexy colorful,very cute sexy wish i got
677	dried	271	day it washed and dried very well hung
678	size larger	130	small so order a size larger for comfort they
679	ok	300	ok everyday top washed
680	worth	105	quality material well worth the money
681	very excited	389	i was very excited to receive this
682	thin material	313	a little thin material and they are
683	would not exchange	242	normal comfort colors they would not exchange for larger size
684	beautiful shirt	400	beautiful shirt slightly too small
685	as described	91,229	about this undershirt is as described i would totally,was just as described fit as expected
686	boobs	466	it fits around my boobs 38 d and
687	great summer	41	great summer weight shirt
688	up the size	422	a c cup bump up the size so that everything
689	ok overall	481	'd hoped for but ok overall
690	nice design	241	nice design but runs small
691	gap	31	does n't pull or gap at the chest
692	way too big	337	aok but it was way too big i. was happy
693	different	26	very different from the pictures
694	send it back	459	the shirt planning to send it back since it is
695	fashion	484	scrubs top not a fashion top made of
696	spectacular	282	awesome shirt it looks spectacular on and i
697	clinging	441	rolls hanging out and clinging to your body
698	one size does not fit	78	one size does not fit all
699	wrinkles	40	just fine and all wrinkles and folds gone
700	tunic	62	consider this more a tunic than a blouse
701	never order	126	extra small i will never order clothing from amazon
702	very soft	128,475	cami to be also very soft and fits well,size were as described very soft love the fit
703	came on time	74	with it and it came on time
704	very mysterious	443	look skinnier and is very mysterious
705	thin but durable	130	for comfort they are thin but durable
706	rather large	56	this blouse ran rather large for me i
707	color not	217	the color not what i expected
708	blocky and big	73	curves it was very blocky and big
709	love everything	489	i just love everything i have bought
710	good color	95	good color and feel
711	flowy cool fabric	461	170lbs i love the flowy cool fabric and the cute
712	price is right	44	and style and the price is right
713	worth every penny	439	material is comfortable too worth every penny
714	with holes	391	received it with holes
715	really like	59	i really like the blouse i
716	pain to worry about	366	just more of a pain to worry about than i thought
717	perfectly fine	397	and it fits me perfectly fine the lace is
718	count	230	i can always count on van heusen
719	another brand	56	it i will try another brand i guess the
720	see through fabric	472	see through fabric i wear a
721	thread broke very upset	399	it stretched and the thread broke very upset that the quality
722	deal of a lifetime	66	the price is the deal of a lifetime
723	very cool	271	of blue it is very cool and comfortable for
724	buy again	369	favorite shirt i would buy again but in a
725	versatile	421	because these are more versatile than the polyester
726	more	475	going to order 2 more
727	sent it back	408	should of sent it back it looked so
728	perfectly	70	a medium fits me perfectly 5 10 220
729	certainly	20	4 days i will certainly be buying again
730	it 's great	379	it 's great thank you
731	return them	299	i am going to return them
732	comfortable material	347	nice color comfortable material and a nice
733	n't look	277	it did n't look at all like
734	recommend 100 %	178	find them in stores recommend 100 %
735	super fast shipping	187	super fast shipping even without prime
736	more consistent	37	bummer wish it were more consistent but the colors
737	does not fit	94	does not fit my bust well
738	statement	388	it really makes a statement
739	5 stars	18	would 've given it 5 stars for sure but
740	inferior product	491	cute but is an inferior product or i just
741	bra exactly	121	can wear without a bra exactly what i was
742	little big	268	they are a little big
743	included	209	the necklace that was included the only downfall
744	cotton	98	n't love this the cotton was too thick
745	flows nicely	338,487	shirt is light and flows nicely around the body,thin material good for summer flows nicely
746	fit really good	205	her birthday gift it fit really good and looked stunning
747	ribbon out	25	everytime but take the ribbon out and wash it
748	consider buying	59	online but definitely would consider buying from this company
749	not very firm	413	a tummy it is not very firm or slimming if
750	very beautiful shirt	209	very beautiful shirt i liked the
751	quality is fine	67	some shape otherwise the quality is fine
752	ruined in	18	and then it gets ruined in the wash
753	like it so much	288	hot hawaiian day i like it so much i ordered another
754	fit like a glove	440	this little camisal fit like a glove from the first
755	online	59	buy clothes every often online but definitely would
756	great stretch	262	it would be has great stretch and looks great
757	did n't like material	293	tank it was ribbed did n't like material
758	bust area	202	the exception of the bust area
759	if	187	look good on you if you have a
760	colorful	268	comfortable sexy colorful
761	great long cami	444	great long cami love the stones
762	order again	91	described i would totally order again the only thing
763	started breaking apart	351	third wearing the lace started breaking apart and pilling i
764	it	364	not happy i did it 's huge still
765	fits very tight	81	ordered other colors it fits very tight and is great
766	within days	70	it shipped to me within days and i received
767	tight on the top	256	it was n't so tight on the top also did n't
768	print	252	l love it the print is great even
769	away	350	going to give it away
770	tighter	345	the replacements are much tighter and hence ride
771	little pricey	384	tees these are a little pricey but the way
772	beautiful material	247	love this shirt beautiful material
773	frustrating	126	sizes run small very frustrating
774	wrong	60	n't get my size wrong
775	looked amazing	64	fit and my daughter looked amazing this morning on
776	thrilled	126	cami 's i was thrilled with all the
777	wrote	132	i already wrote a review
778	probably fit	32	medium a small would probably fit you
779	received	391	received it with holes
780	made well	326	the top is made well and fits well
781	very nice top	236	very nice top fits great
782	ca n't wear it	431	see through so i ca n't wear it without something over
783	fit quality	158	very disappointed with the fit quality of the shirt
784	many compliments	236	and flowy i got many compliments just long enough
785	shelf bras	92	i like the shelf bras very much however
786	good jersey quality	187	a b up top good jersey quality super fast shipping
787	sweaters	88	stands up well under sweaters and vests always
788	unwearable	490	it it then became unwearable the fabric shrunk
789	not too tight	390	still somewhat fitted but not too tight i 'm small
790	excellent quality	434	gorgeous excellent quality please bring this
791	not the same size	165	it 's not the same size as i expected
792	5 7	62	for a woman about 5 7 and the shirts
793	5 2	4	one she is about 5 2 and this fit
794	younger lady	286	me recommend for a younger lady to wear as
795	wonderful to wear	426	this top is wonderful to wear you just feel
796	fantastic fit	427	fantastic fit comfort and perfect amount
797	dissappointment	127	my head what a dissappointment
798	hide unsightly bulges	345	they are long and hide unsightly bulges being both roomy
799	casual or dressy	347	of top wear for casual or dressy occasion
800	flattering emerald	4	a very pretty and flattering emerald color
802	give	350	picture on going to give it away
803	like it	458	i like it lots very comfortable
804	perfect tee	388	perfect tee to express your
805	prices ca n't be beat	371	for clothes and the prices ca n't be beat it cuts out
806	to large	299	the shirts were way to large for me so
807	fabric is soft	378	for breast cancer the fabric is soft and soothing to
808	great summer shirt	396	great summer shirt with black khakis
809	loops	420	them every day the loops needed to be
810	easy	122	couple wearings but was easy to fix overall
811	first week	15	it un raveled the first week i had it
812	tucked	62	to wear these always tucked in and who
813	straps	120	complaint is that the straps are a bit
814	much larger than described	373	off the product was much larger than described i had to
815	wo n't be disappointed	311	sizing chart and you wo n't be disappointed
816	seller	398	love this seller arrives ahead of
817	surprised	271	i was a little surprised with this shirt
818	reasonable	229	expected & delivered in reasonable length of time
819	nice color	343,296,347	nice color good fit,nice color nice fit,nice color comfortable material
820	not as stretchy	135	for the material is not as stretchy as my other
821	the fabric	23	love the drape of the fabric the price and
822	slimming	282	a big girl very slimming and the material
823	prompt	70	the customer service was prompt and helped me
824	not wear out	1	at home but would not wear out
825	hug	98	and it did n't hug the right areas
826	just what	308	just what i was looking
827	pull	31	cut it does n't pull or gap at
828	did not shrink	248	fit is great and did not shrink when i washed
829	loose	23	perfectly the cut is loose but that 's
830	nice price	477	love it just the right fit nice price too
831	wash will shrink	408	giving it to goodwill wash will shrink all wrong sorry
832	does n't drape	350	it does n't drape on me like
833	do n't buy	200	do n't buy it cheaply made
834	order 2 sizes larger	362	but make sure you order 2 sizes larger than what you
835	ran much larger	325	this top ran much larger than others i
836	tad large	304	but runs just a tad large
837	not thin	345	are thick they are not thin and flimsy i
838	no complaints	101	black shirt prompt delivery no complaints
839	loved this	346	i loved this when i got
840	fun	101	earrings just comfortable and fun you can do
841	comfy material	345	they are a very comfy material and are thick
842	looking fresh	234	outfits it will stay looking fresh all day regardless
843	sizing is way off	198	love the top but sizing is way off
844	flat out fraud	394	mis sizing this is flat out fraud for sells
845	little off	286	the fabric is a little off but no one
846	compression shaping	84	in without being a compression shaping type garment and
847	perfectly washes	150	and it works out perfectly washes and dries nicely
848	would recommend	248	is a product i would recommend
849	wash destroyed it	495	washer bag and the wash destroyed it do n't waste
850	plus size	498	small for a plus size
851	love the top	198	love the top but sizing is
852	ran extremely small	453	top ran extremely small especially if you
853	stylish	123	top very comfortable and stylish great alone or
854	fashion blog	84	i read on a fashion blog about how great
855	when washed	166	love the blouse but when washed it was to
856	fit was	125	was soft and the fit was what i expected
857	outstanding	62	and overall fit were outstanding but they are
858	work well	411	these shirts work well for me easy
859	feel	480,95	top the fit and feel are amazing but,good color and feel
860	worn them	2	cuddl duds and have worn them for years especially
861	fabric is good quality	7	past my hips the fabric is good quality and offers light
862	evening wear	261	highly recommend this for evening wear
863	organic	34	organic or not if
864	quality material	105	quality material well worth the
865	service	492	the service is excellent and
866	tight	179,87	ride up smooth and tight made a huge,this fit perfectly --> slim tight comfortable and soft
867	love the material	309	right size but i love the material i should have
868	super comfortable	216	tailored look fabric is super comfortable irons well
869	waste	495,140	destroyed it do n't waste your money, waste of $
870	thank you	428	every chance i get thank you
871	wrapped	420	loops needed to be wrapped two or three
872	ill constructed	471	product is too small ill constructed
873	winter layering	6	soft base for winter layering
874	shrank	260	nice quality cotton shrank when i washed
875	cheap material	498	small for a plus size cheap material
876	just as described aaa	146	just as described aaa +
877	fabric is stiff	408	n trendy too bad fabric is stiff n heavy cant
878	wash well	169	of a uniform they wash well and wear well
879	all seasons	222	perfect can wear it all seasons
880	fit barely	184	this item fit barely but a xl
881	roomy	345	tunics they are very roomy and comfy i
882	shelf	183	expected to have a shelf bra in it
883	flowy	468	looking for a light flowy top this is
884	glad	478	of these and am glad i did so
885	had neither	125	and adjustable straps it had neither which is why
886	problems	201	as i had several problems with it it
887	awkward	452	would have just looked awkward luckily i am
888	fabric and stitch	50	me quality of the fabric and stitch was high for
889	vibrant and beautiful	287	and the yellow is vibrant and beautiful but it is
890	without	84	keeps everything held in without being a compression
891	sizes run big	407	catching purple but the sizes run big
892	flows	466	boobs 38 d and flows over my tummy
893	unraveling	491	the crocheting was already unraveling before i even
894	really nice fitting	311	this is a really nice fitting tank top use
895	fits just right	235	a beautiful color and fits just right
896	bought two	478	i bought two of these and
897	wider than	263	this item was wider than it was tall
898	top strap ripped	454	the right top strap ripped very disappointing
899	extremely comfy	292	big but it is extremely comfy it is a
900	layering	79	perfect for layering
901	sweet price	190	great shirt for a sweet price would buy again
902	men 's style shirt	182	item shipped was a men 's style shirt
903	is n't soft	34	or not if it is n't soft and comfy i
904	would buy again	289	of my tush i would buy again
905	courteous and prompt	95	to order from very courteous and prompt
906	very satisfied	438	know i 'll be very satisfied with it too
907	good weight	237	poly blend has a good weight and does n't
908	love the feel	18	i love the feel of this shirt
909	great material	52	great material i wore it
911	should	408	should of sent it
912	not a plus size shirt	267	lbs & this is not a plus size shirt let alone be
913	larger than expected	226	a bit larger than expected but that 's
914	perfect for exercise	462	i think they are perfect for exercise as well as
916	no shipping	7	a time there is no shipping from tilly or
917	small for	498	small for a plus size
918	looks good	27	fits nicely and it looks good i 'd buy
919	looks great on	297	this top looks great on the color is
920	wish	13	breast size i just wish if it were
921	terrible	453	it has small pads sewn in that where terrible cute design but unless you
922	awesome fit	58	awesome fit very comfortable
923	should 've ordered	482	i should 've ordered a medium
924	not to hot	81	is still comfortable and not to hot i would recommend
925	very small	493	was longer it feels very small and i ordered
926	so beautiful	405	of comments on it so beautiful
927	really great	310	this is just a really great basic shirt for
928	tablecloth	484	fashion top made of tablecloth material faded black
929	fit large	345	all the time they fit large they are supposed
930	very happy	318	she was very happy with the way
931	work	61	would recommend this for work
932	bit tight	256	seems to fit a bit tight i love the
933	very cheap material	410	keep your money very cheap material
934	not as pictured	333	too large not as pictured returned
935	class	449	tank it has such class to it with
936	fits like a glove	77	its so soft and fits like a glove
937	shape	264	hold their length and shape after washing
938	love the drape	23	's what i wanted love the drape of the fabric
939	nice price	477	just the right fit nice price too
940	unravel	495	and has started to unravel only after two
941	look stumpy	97	appears makes a person look stumpy
942	biggest fraud	267	biggest fraud ive found on
943	did not like	104	i did not like the quality of
944	friend	172	gave it to a friend
945	material is good quality	152	buy again since the material is good quality and had quick
946	warm	175	winter helps keep you warm
947	fabric is much heavier weight	406	the fabric is much heavier weight than i was
948	have	187	on you if you have a perfect nearly
949	she loves it	49	it 's comfortable and she loves it
950	fresh	88	like it just came fresh from the laundry
951	fix	122	but was easy to fix overall it 's
952	wash	18	gets ruined in the wash
953	life changing	90	i love these tops life changing for me for
954	too big under	344	too big under the arms i
955	fine	10	the bust waist was fine but the arms
956	wear without	121	can wear without a bra exactly
957	ridiculously small	203	two sizes larger still ridiculously small
958	with	466	n't really wear it with certain shorts because
959	slightly stretchy	122	than some and only slightly stretchy which i like
960	error	19	i error end in ordering
961	fairly soft	96	it 's nice and fairly soft but a bit
962	humid day	90	on the hottest most humid day omg love them
963	roomier	262	its roomier than i thought
964	women	73	style that fits a women 's curves it
965	soft material	100	fits nicely soft material very nice
966	no pocket	42	no pocket strange material
967	strange material	42	no pocket strange material
968	'd buy again	152	other than that i 'd buy again since the material
969	negative	421	work now the only negative is the price