1	great	99,81,320,173,174,336,411,156,200,447,334,492,231,480,187,416,252,265,293,127,140,253,492,477,404,69,99,147,209,331,227,47,467,272,184,113,296,154,52,351,99,67,247,342,494,295,26,490,420,115,137	class of course but great pictures can be,worked great for my vacation,this is a great camera video is,once again realize how great of a purchase,that time it took great pictures and was,great camera convenient size,great i recommend it,of the pictures is great my only problem,excellent camera it takes great photos with all,is my final recommendation great camera for basic,this is a great little point and,fun little camera take great pix & videos,it takes great pictures and it,great camera with long,great little camera still,years now it was great took excellent pictures,wrong photo quality is great and i 'm,this is a great camera i became,to carry and takes great photos either in,great just as adversized,and it was really great at first as,these ts2 models are great i 've owned,& videos lite weight great little carry a,the travel and takes great pictures i took,great basic point and,my one before worked great this one seems,great battery life two,the camera itself is great but it is,it 's a great camera the only,this camera is great for me i,overall it 's a great camera for me,able to get a great shot of a,great camera my wife,great camera for the,it was great while it worked,this is a great first dlr camera,great family camera easy,great purchase and item,great piece for the,great camera my wife,and easy to use great sr auto modes,it 's still a great camera lightweight yet,the 12x zoom is great in the outdoors,great camera and takes,great little camera i,one all pictures look great and you really,great little camera works,this is a great camera that 's,but the quality is great good price good product,great camera great pictures,great little camera
2	love	409,304,462,264,375,477,111,80,377,470,398,428,231,395,430,476,49,324,466,274,22,388,173	worth the wait i love it it works,or on my belt love the big tilting,warranty ran out i love this camera it,going strong i absolutely love this thing and,taking pictures i truly love my camera and,love this camera super,we just love this camera the,i love my camera the,5d mark ii i love the camera the,i love this camera it,handy too i just love,overseas trips and just love the photos i,is easy to operate love it,love my lumix was,i love this camera it,love this camera not,love this camera we,i love this camera it,we really love this camera it,shot range camera i love its sleek thin,love this little camera,great camera love the underwater aspect,love that you are able to drop it
3	good	144,366,133,482,334,207,202,440,140,491,281,40,186,452,287,11,87,436,465,34,465,41	does n't have as good a zoom and,camera took a few good pictures before it,had it should be good for the family,the function is good the design is,coolpix s4000 and had good results but thought,and they generally take good pictures however if,it was good to me,is in focus is good,but it is a good camera i gave,batteries dont last long good purchase for kids,also very good very good lens,this is a good camera but modern,etc and is as good as the day,takes as good of pictures as,the camera shoots are good in high light,screen the pictures were good and sharp with,was good at the time,not to be as good as my previous,good flash not to good review display but,the camera took some good pictures but the,camera for casual photography - nice features - good flash,nice camera - delivery on time - good purchase
4	easy	283,99,276,44,99,189,165,21,231,466,152,247,478,403,25,446,165,494,161,66,448,479,276,277,399	easy enough to use,an 8gb sd card easy picture taking and,is light weight and easy to use i,the dial is so easy to use,little thick but very easy to slide in,bag nice photos and easy to use,for an all around easy picture taking,simple and easy too use great,pictures and it is easy to operate love,it 's small and easy to fit into,pretty light and is easy to use this,my pictures it 's easy to operate and,seems like it is easy to use and,as is the projector easy to focus the,while overseas it was easy to use the,wonderful photos and is easy to use no,this camera is easy to use and,suggest it to anyone - easy - simple - pocket friendly,use it all the time - easy to operate,great camera takes very good photos easy to use,nice camera easy to use,excellent pictures - easy to use,best one so far - easy to use,very nice - easy to use,works great - easy - small
5	great camera	201,340,225,110,13,11,330,432,66,182,179,300,433,43,68,345,112,278,115,388,332	great camera but it is,just a great camera with a great,great camera do not regret,great camera using a docking,do it is a great camera and i loved,it was a great camera it worked for,to france again lol great camera 10 10 would,is my second nikon great camera fast service,great camera takes very good,year and still a great camera,great camera most people just,has been a great camera indoor or out,great camera does more than,great camera and great service,great camera however the shutter,great camera for the price,outdated by now but great camera completely satisfied,great camera highly rated in camera reviews,great camera great pictures,great camera love the underwater aspect,great camera works as advertised
6	great pictures	426,419,26,387,421,488,297,460,466,306,149,22,250,21,243,318	takes great pictures lots of functions,your hand and takes great pictures,works perfectly and takes great pictures,handy for snorkeling takes great pictures,it takes great pictures,best water camera great pictures and great price,it most every day great pictures and wonderful video,pros who simply want great pictures of their outdoor,items it also takes great pictures and we 're,do its thing automatically great pictures and the battery,it 's given me great pictures i would highly,this little camera takes great pictures,we took so many great pictures,and easy too use great pictures,takes great pictures when it works,takes great pictures trust that
7	quality	420,360,73,44,156,252,75,400,58,245,281,52,277	camara die but the quality is great good,part is the video quality and isweep panorama,no degradation in photo quality hope this helps,and nothing beats their quality i have more,sexy looking camera the quality of the pictures,never been wrong photo quality is great and,s3 is faster and quality is pretty comparable,the sd card the quality of the image,testament to the build quality of kodaks that,this price range or quality beats it,well as video capture quality is also very,piece for the price quality and reasonable shipping,very surpriesed by the quality of the sound
8	works great	269,35,409,79,458,324,136,162,55,215,180,163,399	works great for closeup pictures,condition as advertised it works great with many fine,i love it it works great thank you very,the camera works great the pictures look,works great bought as gift,it looks great and works great,those separate and camera works great now love it,shipping and the camera works great my dream camera,this camera works great,came on time and works great,of this camera it works great for pools and,works great just like the,great gift for a teen - works great
9	best	252,295,20,294,488,159,166,276,407,323,1	was one of my best purchases ever i,since it 's the best point and shooter,best camera i ever,a camera maybe the best of the point,best water camera great,best powershot g series,for it used the best thing about it,this camera is the best one so far,this is definitely the best waterproof camera out,best little camera ever,cameras today my recommendation best digital pro cameras
10	price	192,43,282,464,36,167,82,345,218,438,213,188	good camera for its price still use it,and great service and price,was really worth the price for pictures i,for the price it ca n't,really good for the price it holds my,buy worth for the price,this price is way off,great camera for the price,to wait for the price of an m9,excellent camera for the price took this camera,i really appreciate the price i took it,good quality and price
11	excellent	286,84,307,497,146,302,301,354,396,305	an excellent camera compact well,this is an excellent item,excellent choice works well,pics for the money excellent camera for any,excellent for it 's,photographers the quality is excellent ease of use,camera i ever tried excellent pictures high quality,my friend does an excellent job for pictures,exactly want i wanted excellent service highly recommended,excellent conditions a very
12	camera	187,338,383,277,61,462,92,157,137,5	great little camera still use it,purchase i had a camera exactly like this,i need another identical camera,the sound from the camera and it was,much more than a camera phone does now,out i love this camera it 's pretty,pretty good little camera,wonderful little camera keep two batteries,good seller great little camera,I will need to now destroy the camera
13	easy to use	326,450,470,264,415,80,353,419,457,47,405	camera for the price easy to use,takes nice pictiures and easy to use,this camera it is easy to use for the most,and just want an easy to use camera that takes,niece found it fairly easy to use she was n't,come out beautifully very easy to use,help make the camera easy to use it 's a,this camera is easy to use and fits in,this is an easy to use camera and lining,this camera it is compact easy to use and takes sharp,takes great pictures - easy to use
14	use	165,276,277,189,44,66,276,111	camera is easy to use and carry the,weight and easy to use i do not,very nice easy to use i was very,photos and easy to use,is so easy to use,good photos easy to use,so far easy to use and with a,your pocket easy to use and no lens
15	not	75,274,427,125,285,400,394,465	found that olympus has not been one of,back is it does not have stabilized built,day long sounds wonderful not for me good,good photos but is not the perfect quality,it 's not a bad camera,of the image is not what i expected,then the camera would not turn on come,nice features good flash not to good review
16	good camera	369,454,375,192,426,191,51,372,266	good camera for the money,very good camera take great photos,for making such a good camera,good camera for its price,pictures lots of functions good camera,good camera but pictures fuzzy,good camera but eats through,a good camera for partys,good camera good value
17	love this camera	203,85,247,46,245,149,306	love this camera used it underwater,i love this camera once i figured,wide angle lens i love this camera i always get,purchase this used one love this camera and it is,love this camera so much when,i love this camera i 've been,i love this camera if i want
18	broke	424,329,291,338,389,174	broke after a few,focus on mine is broke i have to,this camera broke not long after,dropped it recently and broke the lens i,battery cover broke and water damaged,expired it leaked and broke
19	loved it	333,152,467,23,229,76	my wife loved it,one of these and loved it i 'm definitely,great camera my wife loved it,for my wife she loved it and uses it,loved it while it worked,was in college he loved it
20	clear	252,274,249,429,166,274	up underwater pictures are clear and does an,i was amazed its clear and crisp pictures,are always crisp and clear it is a,never seem to get clear pictures on a,everyone raves about how clear and sharp the,mode the camera takes clear and crisp images
21	amazing	377,214,420,288,288,430	the video capability is amazing the optical zoom,the s90 is an amazing product and this,amazing good good am,price this thing is amazing a few dead,the results are still amazing especially when plugged,this camera it takes amazing pictures and i
22	recommend	254,470,411,428,286,469	to something worse sigh recommend it sure will,camera and i 'd recommend this to friends,great i recommend it,photos i would definitely recommend this nikon,there is much to recommend it,very good product i recommend
23	best camera	355,117,234,295,86,301,158	this is the best camera i have ever,best camera i ever had,best camera in price range,this is the best camera i 've ever,the best camera i have ever,one of the best camera i ever tried,one of the best camera really happy with it
24	love it	117,196,211,136,250,109	clients and for youtube love it,on amazon but i love it the battery cover,for years and we love it we especially wanted,camera works great now love it mine is the,love it dose every thing,look used at all love it
25	very happy	265,53,116,122,71,244,9	a replacement i am very happy with it,bright sun i am very happy with it,quick shipping i 'm very happy with this purchase,expected and i am very happy with it,very happy takes excellent pictures,i 'm very happy with this nice,fast delivery very happy with purchase
26	perfect	377,125,257,476,260,302,108	is is almost the perfect camera that exception,but is not the perfect quality of the,these objects came congratulations perfect and they were,size is awesome and perfect pics come out,lens this z33wp was perfect it went in,this camera is the perfect blend of slr,it was perfect - good price and in wonderful
27	fine	391,493,135,53,279,439	it fine but i find,it was fine while it worked,worked the pictures were fine,works fine takes good pictures,and gaskets work just fine,can use it just fine i was able
28	zoom	390,243,121,353,144	do n't need to zoom in a lot,does n't focus the zoom is way slow,complaint about it the zoom was detailed with,camera has i. e. zoom and macro and,have as good a zoom and does n't
29	great price	38,8,106,488,315	even better than expected great price,great price for the camera,on amazon at a great price,camera great pictures and great price,great price and swift response
30	nice	350,257,200,156,41	it 's a nice digital camera very,and they were very nice thank you send,wow this is a nice camera always and,nice and sexy looking,nice camera delivery on
31	very good	281,480,119,274,274	capture quality is also very good very good lens,though this is a very good point and shoot,a very good camera,this is a very good sony dsc tx,camera can take a very good picture and shooting
32	happy	481,222,489,214,208	fb overall i 'm happy with this camera,broke and he 's happy not to have,i am happy with it,am so so so happy to have found,pictures i 'm a happy camper
33	no complaints	446,131,254,365,170	is easy to use no complaints so far,i have no complaints,all the time and no complaints got my first,us and i have no complaints at all the,fantastic little camera absolutely no complaints
34	great product	77,284,239,397,379	it is a great product and very good,uses it a lot great product,great product the panorama photos,great product fast delivery,great product and better service
35	works well	233,377,337,437,481	no visible damages and works well,for this camera it works well,came very quickly and works well however i had,accurate about condition camera works well,it works well i can upload
36	fantastic	213,290,233,111,171	new cameras by canon fantastic,the 3d views are fantastic,the camera was fantastic for a beginner,camera the pictures are fantastic we owned another,a fantastic reasonably priced all around digital
37	nice pictures	143,29,228,478	takes nice pictures lens is pretty,optical zoom small but nice pictures,the price i get nice pictures,to use and takes nice pictures the brown color
38	problem	99,185,447,27	light is still a problem with a camera,if you have a problem see if you,sports mode the same problem occurred if the,canon had problem with this s1
39	quit working	408,313,229,313	last trip it just quit working after a day,july 2014 they both quit working they would not,years but then something quit working and i ca,crappy item if they quit working for no apparent
40	highly recommend	460,149,113,141,211	a reasonable price i highly recommend this camera for,great pictures i would highly recommend,usage to date i highly recommend this particular camera,worth the money i highly recommend it,make videos for youtube high definition highly recommend
41	decent	50,58,58,289	takes very decent pictures for daylight,otherwise it 's a decent point and shoot,its 3x zoom is decent enough for product,that it is a decent replacement in the
42	returned	499,343,471,498	camera was defective and had to be returned,button has issue - i returned this product,wasn't what i was looking for - i returned this,camera was defective and had to be returned
43	better	253,253,38,339	ended up getting a better camera,i bought is even better so i 'll,in great shape even better than expected great,and rugged looks much better than other waterproof
44	does	144,357,461,176	doesn't have as good a zoom and doesn't have the different scene choices,doesn't take shots immediately but waits a second,doesn't seem to have a very good lens,does exactly the job its supposed to do
45	very disappointed	57,10,206,175	very disappointed the camera was,it does work overall very disappointed i could n't,i am very disappointed with this camera,it was not functional very disappointed
46	money	2,423,6,141,369	slide show for the money you ca n't,not worth the money,do n't wast your money on this piece,is well worth the money i highly recommend,good camera for the money
47	leaked	174,368,94	the warranty expired it leaked and broke,leaked the first time,leaked from nearly day
48	new	107,83,46	we could get one new,new in the box,it is just like new
49	lasted	260,135,2	order the battery always lasted me all day,lasted about two months,me how long they lasted the only trouble
50	still works great	252,73,196	harsh conditions and it still works great an was one,in used condition this still works great it 's a,ago but everything else still works great i have kids
51	complaint	289,266,121	each picture my biggest complaint is the rotating,at retail my only complaint is that the,n't have a single complaint about it the
52	looks new	371,384,123	machine looks new but this camera,was used but it looks new could n't find,in original packaging and looks new did get one
53	photos	239,428,220	great product the panorama photos are awesome,and just love the photos i would definitely,lost all the water photos that i thought
54	great photos	152,454,415	get another it takes great photos and videos is,very good camera take great photos,well and took some great photos
55	nice little camera	98,264,410	nice little camera i bought it,inexpensive practical and a nice little camera to have,a nice little camera to have in
56	easier	308,413,412	a smart phone is easier and cheaper,makes focusing so much easier,will make your life easier when filming
57	cheap	412,175,284,140	your looking for something cheap buy it if,promised this was not cheap and did not,this because it was cheap and my young,i found it ugly and cheap
58	expensive	241,147,130	does everything an expensive camera does,great but it is expensive and hard to,in stores and more expensive too hint hint
59	defective	498,449,499	the camera was defective and had to,in the camera is defective making the camera,the camera was defective and had to
60	rugged	253,48,322	means but they are rugged enough to take,they are the most rugged and dependable sonys,binoculars and is fairly rugged have dropped it
61	excellent condition	370,35,436	excellent condition just as describe,and it is in excellent condition as advertised it,on time and in excellent condition however i find
62	inexpensive	256,287,208	this is a very inexpensive camera but good,the w3 is fairly inexpensive these days and,and breaking them this inexpensive item fits the
63	like	98,403,322	glove box but i like it just about,problems encountered so i like it not sure,i really like this camera it
64	excellent camera	59,200,97	to explain too much excellent camera,this is an excellent camera it takes great,excellent camera with lots of
65	disappointed	424,95,289	my son was so disappointed yearbook committee,adjust rating but very disappointed that i purchased,lenses each and was disappointed to learn that
66	very good camera	235,299,311	very good camera only complain is,this is a very good camera for the price,very good camera for my 9
67	battery	124,259,121	without taking out the battery and that is,camera eating the battery,fast and accurate the battery system is quite
68	long	195,34,306	expectations high quality pictures long battery life easy,worthless the instructions are long and tedious which,the battery lasts a long time too
69	ok	441,442,412,308,359,155	works ok i bought this,the scope itself is ok but the software,works ok for the price,its ok not easy to use and download,good product - ok picture quality,it is ok - work good
70	wonderful	111,185,157	the old camera were wonderful too so much,the product was wonderful and in the,wonderful little camera keep
71	weird	151,268,280	their fabric for a weird noise then i,there was n't a weird lil sub card,grain it 's just weird and somewhat ugly
72	small	466,29,466,279	pocket it 's so small the case we,with 3x optical zoom small but nice pictures,this camera it 's small and easy to use,it was the top rated waterproof small camera
73	pictures	39,111,93	good performance and pictures,love this camera the pictures are fantastic we,well after thousands of pictures
74	stopped working	270,75,17	less than a year stopped working,shutter over the lens stopped working and became stuck,delvered on time but stopped working after 3 weeks
75	really like	254,124,255	i really like the camera i,another brand but i really like this one it,really like this camera my
76	piece of junk	19,197,6	this is a piece of junk go buy a,piece of junk this was a,your money on this piece of junk it do n't
77	favorite	428,260,183	and it 's my favorite it takes beautiful,finepix z33wp was my favorite granted they were,finepix z33wp was my favorite granted they were
78	digital	104,121,218	takes great photographs in digital format,crossing from optical to digital the af was,a film to a digital leica m. the
79	good pictures	382,7,53	it takes good pictures thanks,for the money takes good pictures,works fine takes good pictures and has a
80	high quality	350,473,301,195,473	nice digital camera very high quality,great interfacing with technology high quality fotos,ever tried excellent pictures high quality and great color,exceeded my expectations high quality pictures long battery,rocks - durable - high quality
81	problems	221,400,108	are all kinds of problems making them happen,bought it i had problems with the camera,in the front had problems opening and sometimes
82	crisp	274,274,249	amazed its clear and crisp pictures to provide,camera takes clear and crisp images in low,the pictures are always crisp and clear it
83	ever	376,252,323	best buy i have ever made,of my best purchases ever i have tried,best little camera ever
84	sharp	276,166,11	a leica lens the sharp and clear images,about how clear and sharp the pictures come,pictures were good and sharp with vivid colors
85	works ok	349,142	the seller listed and works ok,this works ok about what you
86	out dated	106,57	this camera is so out dated only allows you,surprise it was so out dated that i could
87	pretty good	92,207	pretty good little camera,this is probably a pretty good camera but it
88	bought	286,161	designed and versatile i bought a second one,bought for myself and
89	video	91,281	takes great picture and video after years of,photos as well as video capture quality is
90	great picture	91,331	this little gem takes great picture and video after,and gives me a great picture when other cameras
91	reasonable price	460,139,56	outdoor adventures for a reasonable price i highly recommend,a viewfinder at a reasonable price i just purchased,it works fine reasonable price
92	beginner	444,233	not bad for a beginner,was fantastic for a beginner packaged with care
93	fast	121,410,96	digital the af was fast and accurate the,it drains batteries really fast i also like,this is fast - easily editable - simple to print
94	underwater	252,203	grainy when blown up underwater pictures are clear,this camera used it underwater above water and
95	expected	400,122,440	is not what i expected,it is what i expected and i am,works as expected no problem on a mac
96	way off	238,82	color is way off and the flanges,this price is way off i bought this
97	outdated	112,229	probably outdated by now but,they say it 's outdated
98	batteries	51,193	eats through normal alkaline batteries like i do,it uses replaceable aa batteries as someone who
99	excellent quality	348,392	great point and shoot excellent quality of the pics,excellent quality for photos and
100	good quality	183,438,188	decent light it is good quality it has a,the coleman camera more good quality pics and easy,good quality and price
101	water	226,393	fail it was obvious water had permeated the,n't work in the water go figure i
102	okay	303,436	overpriced image quality is okay for a point,pictures come out just okay and i have
103	too complicated	100,461	too complicated and do not,many bells and whistles too complicated wanted a small
104	no problems	381,403,472	camera for years with no problems,card up to 16gb no problems encountered so i,love this no problems
105	blurry pictures	427,69	will almost certainly get blurry pictures no matter what,one seems to have blurry pictures every once in
106	works	440,327,332	works as expected no,works as it should,great camera works as advertised
107	quickly	35,337	received camra quickly and it is,came very quickly and works well
108	great pics	251,128,173	easy to use - great pics,but itothrwisrtakes great pics,still taking great pics
109	download	13,220	not get it to download to my computer,n't be able to download to your computer
110	loves it	495,344	my granddaughter and she loves it,to our grandchild he loves it
111	amazed	497,190	pics and i was amazed as to how,sd780is camera and was amazed at its performance
112	sharp pictures	47,322	to use and takes sharp pictures great features like,this camera it has sharp pictures with up to
113	price range	245,295,234	no other in this price range or quality beats,ever experience within this price range believe me it,best camera in price range reliable and durable
114	focus	440,403	on a mac laptop focus is somewhat shallow,the projector easy to focus the projector fine
115	working	252,93	just bounces and continues working i 've dropped,an awesome camera still working well today many
116	thousands	93,157	is working well after thousands of pictures,like yesterday its done thousands of photographs taken
117	amazing camera	298,312	amazing camera this camera is,it 's an amazing camera for the price
118	liked it so much	120,242	i got home i liked it so much that i got,different model and i liked it so much i bought this
119	return	335,198	quit i plan to return it when i,phone i needed to return it because i
120	rechargeable	289,121	2 lens camera with rechargeable battery for those,you to use a rechargeable or standard aa
121	nice photos	369,189	this price level takes nice photos and easy to,in a travel bag nice photos and easy to
122	used	384,437	it was used but it looks,used camera advertising was
123	junk	220,88	thought i had total junk,to not be selling junk looks like they
124	best digital camera	434,249	the best digital camera our second one,this is the best digital camera i have ever
125	features	353,369	i like the features the camera has,money surprising amount of features at this price
126	slow	263,243	lag is a bit slow but maybe i,the zoom is way slow on the video
127	very good quality	77,281	a great product and very good quality i am very,very good quality product photos as
128	gift	374,145	gave it as a gift it seems to,was a gift thx
129	disappointing	144,129	the same it is disappointing,haze to each shot disappointing it did n't
130	do	394,224	do not purchase this,am pissed because it do n't work period
131	really good	42,36	vendor was really good to work with,this is really good for the price
132	excellent photos	25,296	admirably allowing for some excellent photos to be taken,camera easy but produces excellent photos
133	worth	282,167	this camera was really worth the price for,good one to buy worth for the price
134	waterproof	268,393,279	is definitely waterproof and does a,waterproof camera did n't,it was the top rated waterproof small camera
135	did not	282,54	i did not feel this camera,you did not tell me that
136	very easy to use	255,179	he takes at work very easy to use alot of fun,great and it 's very easy to use
137	versatile	121,286	battery system is quite versatile allowing you to,compact well designed and versatile i bought a
138	bad camera	461,328	equivalent of having a bad camera in your phone,what you pay for bad camera
139	loves	222,483	my husband loves it this camera,for my grandaughter she loves going underwater with
140	liked	89,3	damaged beyond use i liked the previous a570is,an exact replacement i liked my original camera
141	heavy	428,353	it is a little heavy so two years,it is n't too heavy
142	professional	365,452	but my photos look professional and i am,because she wanted a professional looking camera the
143	operate	314,161	had the easiest to operate with one hand,the time easy to operate
144	lost	425,220	beginning and i have lost many a good,cruise we took and lost all the water
145	durable	360,234,473	it is a very durable camera,reliable and durable,rocks - durable - high quality
146	does everything	241,264	does everything an expensive camera,to this little camera does everything i need when
147	worse	366,309	literally crumbling it got worse every time we,a school experiment its worse than most webcams
148	frustrating	105,221	its death is very frustrating,this product is a frustrating device that you
149	thrilled	242,336	for him he is thrilled with it he,middle otherwise i 'm thrilled with this purchase
150	does not work	484,134	it does not work when i tried,poor quality that simply does not work well
151	packaging	123,223	came in original packaging and looks new,apparently hidden inside the packaging and that it
152	replace	134,46	i had to replace this camera twice,bought this to replace one i had
153	good photos	264,374,66	use camera that takes good photos then at this,seems to be taking good photos,great camera takes very good photos easy to use
154	save your money	232,100	save your money and get a,to take a picture save your money and buy a
155	refurbished	356,190	to find a replacement refurbished and works like,camera i bought a refurbished camera and it
156	good price	399,17,420,108	easy to print from good price,good price delvered on time,but the quality is great good price good product,it was perfect - good price and in wonderful
157	outstanding	37,212	my overall satisfaction as outstanding,a true outstanding camera if your
158	needed	54,114	tell me that i needed a memory stick,was just what i needed
159	service	240,317	pleased with both the service and the product,good product and service
160	excellent pictures	416,71,479	it was great took excellent pictures needed a camera,very happy takes excellent pictures for use with,excellent pictures - easy to use
161	not too happy	357,371	not too happy with this camera,didnt work i am not too happy with this
162	not worth	423,408	not worth the money,camera took it is not worth the cost of
163	very satisfied	77,37	good quality i am very satisfied with this purchase,own use i was very satisfied with the speed
164	wish	107,441	wish we could get,looking for but i wish the illumination was
165	pleased	378,240	movies i was so pleased with my first,i am pleased with both the
166	work	279,224	the seals and gaskets work just fine,because it do n't work period i wasted
167	did not like	32,246	did not like this camera at,did not like this camera at
168	permeated	226	was obvious water had permeated the device with
169	clear images	276	lens the sharp and clear images are great the
170	bright	44	the pictures are so bright and the video
171	whirring sound	218	which makes a brief whirring sound a note about
172	crumbling	366	the casing was literally crumbling it got worse
173	better condition	319	camera is in better condition than i expected
174	compliments	247	camera i always get compliments on my pictures
175	excellent results	113	though you can get excellent results with it
176	picture quality is bad	347	is bulky and the picture quality is bad
177	fabulous pictures	342	great camera and takes fabulous pictures
178	essential	401	these packets are essential if you live
179	clearer	63	and going it takes clearer pictures than things
180	worth every penny paid	260	i think it was worth every penny paid good starter camera
181	completely professional camera	67	to make it a completely professional camera if you 're
182	great choice	477	it in my pocket great choice for canon
183	5	408	to say about a 5 i am going
184	4	34	had the camera for 4 or 5 months
185	good item	236	good item thank you
186	wonderful big screen	320	great camera video is wonderful big screen and my girls
187	hit or miss	125	it 's really hit or miss with these cameras
188	not a great one	285	not a bad camera not a great one either but it
189	exceeded my expectations	195	exceeded my expectations high quality pictures long battery
190	good enough	334	line it is a good enough camera to have
191	still working great	91	of usage it 's still working great i paid 150
192	jammed	105	and more finally it jammed up for good
193	beginners	148	lower price and for beginners it is good
194	patient	221	but if you are patient your can make
195	stabilized	274	it does not have stabilized built in so
196	do n't wast	6	do n't wast your money on
197	absolutely love	164	i absolutely love this camera i
198	stylish designed	274	love its sleek thin stylish designed and elegance with
199	nice features	465	camera for casual photography - nice features - good flash
200	great work tool	321	use camera to film the led displays I sell - great work tool
201	tell	185	me and i will tell my friends
202	interesting	285	either but it takes interesting pictures if you
203	discouraged	34	and tedious which has discouraged me from trying
204	compact well designed	286	an excellent camera compact well designed and versatile i
205	very good pics	474	photo techie this takes very good pics for my general
206	love the quality	70	for the price i love the quality
207	excellent service	60	absolutely excellent service in every way
208	works just fine	133	the camera works just fine i got this
209	no optical viewfinder	377	is that there is no optical viewfinder so you must
210	worst photos	283	the camera takes the worst photos i have seen
211	compact	266,47,354	a good all around compact p&s camera nice,this camera it is compact easy to use and takes sharp,for pictures or video light and compact
212	software	442	is ok but the software disc has a
213	will not downoal	13	I now have a Windows7 Professional and the camera cannot will not downoal to it
214	rugged looks	339	extremely waterproof and rugged looks much better than
215	basic	447	recommendation great camera for basic daily use not
216	strongly recommend	218	for you i would strongly recommend picking up a
217	wouldnt trade	355	i have ever owned wouldnt trade it for anything
218	delighted	356	hurting myself i was delighted to find a
219	cheapskate	406	grandpa looks like a cheapskate
220	brighter	441	wish the illumination was brighter in a dark
221	having problems	357	gone and i 'm having problems with the card
222	very good product	469	very good product i recommend
223	colors	206	close up pictures the colors are wrong and
224	could n't be fixed	135	any more so it could n't be fixed when it worked
225	sits in	57	spent 19.00 because it sits in a drawer now
226	no problem	440	works as expected - no problem on a mac
227	sluggish	304	camera is a little sluggish when moving between
228	fan	265	camera i became a fan of bridge cameras
229	magnified shots	260	and takes good quality magnified shots the only other
230	often	23	it and uses it often
231	fast delivery	9	fast delivery very happy with purchase
232	56x	322	pictures with up to 56x magnification have often
233	let down	226	water and have been let down due to false
234	overall good buy	325	photography it was an overall good buy
235	good quality pictures videos	186	I'm just someone who likes good quality pictures / videos
236	dead pixel	287	video feature with a dead pixel that apparently is
237	great compact	210	great compact camera for travel
238	keeps stuff dry	402	good doing its job keeps stuff dry
239	did not function properly	12	unknown reason this camera did not function properly as expected i
240	dont last	491	this uses regular batteries dont last long good purchase
241	fuzzy	191	good camera but pictures fuzzy if you do
242	beautiful color	436	beautiful color and came on
243	convenient size	336	great camera convenient size the only thing
244	i returned	204	i think i returned that not sure
245	fits into	111	it 's handy - fits into your pocket - easy to use
246	great inside	373	great inside and outside shoots
247	two months	135	lasted about two months and a sensor
248	noticeable	280	my photos is very noticeable it does n't
249	does n't	285	but my memory card does n't work in the
250	obsolete	67	now this is an obsolete piece of equipment
251	reimbursement	484	do n't see the reimbursement that a person
252	7 years	90	this camera for over 7 years now and it
253	for the price	272	great camera for the price
254	very nice quality	65	very nice quality buy for the
255	rusted	394	and the batteries were rusted we tried cleaning
256	quality falls	287	light levels but the quality falls off quickly in
257	is nice	482	is good the design is nice and the quality
258	completely satisfied	112	great camera completely satisfied does an excellent job
259	new condition	10	canon powershot as like new condition when i received
260	damaged	389	cover broke and water damaged the camera and
261	impressed	284	and have been quite impressed with its image
262	greatest camera	102	the m8 is the greatest camera i 've ever
263	dark and blurry	183	it can be too dark and blurry but with decent
264	do n't know how	429	basis maybe we just do n't know how to use it
265	bounces	252	but this one just bounces and continues working
266	sd card	400	does n't recognize the sd card the quality of
267	awesome	239	the panorama photos are awesome
268	mechanics	427	try the build and mechanics seem solid and
269	youtube	277	able to make a youtube of my band
270	between clicks	237	very slow in between clicks shutter speed outdated
271	pocket friendly	494	suggest it to anyone - easy - simple - pocket friendly
272	capability	377	small camera the video capability is amazing the
273	average shoot	471	is wonderful it takes average shoot and point pics
274	pictures are blurry	199	this camera all the pictures are blurry and have thumbs
275	good protection	256	the lens which is good protection for the lens
276	look good	79	works great the pictures look good
277	support	94	it leaks intova customer support were pretty unhelpful
278	job	176	does exactly the job its supposed to
279	bells and whistle	298	a lot of the bells and whistle of a dslr
280	bad	285	it 's not a bad camera not a
281	very pleased	74	good product very pleased would buy
282	extras	97	camera with lots of extras
283	really good camera	326	really good camera for the price
284	works perfectly	49	3 days and it works perfectly we just retired
285	shoot	417	for a snap and shoot camera
286	performed	290	performed as expected the
287	lasts for	178	tea lights well it lasts for a while it
288	light weight	276	great the camera is light weight and easy to
289	focus sucks	500	is too long the focus sucks i could go
290	you 'll be alright	390	zoom in a lot you 'll be alright with this camera
291	waaay overpriced	303	waaay overpriced image quality is
292	lovely pictures	267	took lovely pictures and was easy
293	have to return camera	4	was no memory card have to return camera due to this
294	quit	335	for two weeks and quit i plan to
295	extremely admirably	25	the time it served extremely admirably allowing for some
296	super light	477	love this camera super light on the travel
297	handy	111	it 's handy - fits into your pocket - easy to use
298	memory stick	54	that i needed a memory stick and there was
299	unsurpassed	377	prints and video is unsurpassed for a small
300	very good quality pictures	208	my hand and takes very good quality pictures i 'm a
301	dependable	48	the most rugged and dependable sonys ever made
302	buy another	420	good good am thinking buy another because my baby
303	good product	317,74,420,359	good product and service,good product - very pleased,quality is great - good price - good product,good product - ok picture quality
304	would n't buy another	78	basically it works i would n't buy another olympus as they
305	better service	379	great product and better service
306	freezes the pic	331	trembling and this camera freezes the pic and gives me
307	beautiful	274	megapixels it takes very beautiful pictures and sometimes
308	should have been information	54	that 's good there should have been information on the memory
309	blurred	485	then thought photos are blurred the lcd stayed
310	did n't work	393	waterproof camera did n't work in the water
311	did not disappoint	3	this one and it did not disappoint me
312	recall	485	could fog fiji should recall this camera there
313	not user friendly	209	have is it 's not user friendly when trying to
314	fine features	35	works great with many fine features and it was
315	many years	487	camera which lasted me many years with several trips
317	favorite part	360	point and shoot my favorite part is the video
318	snap	417	works fine for a snap and shoot camera
319	honest	214	and this seller was honest about its condition
320	highly recommended	396	i wanted excellent service highly recommended
321	awesome at first	118	it was awesome at first then the sutter
322	next to worthless	34	to the computer is next to worthless the instructions are
323	daughter loves it	468	my grand daughter loves it she 's 7
324	compact gem	294	digital slr with this compact gem of a camera
325	ca n't beat	99	version of the coolpix ca n't beat this camera for
326	fast shipping	162,262	fast shipping and the camera,fast shipping
327	works okay	30	digital still camera it works okay but very different
329	not distorted	277	camera and it was not distorted
330	worked very well	15	on a trip it worked very well
331	depth	285	with a lot of depth and detail it
332	video shortcomings	227	simply because of the video shortcomings overall it 's
333	not regret	225	great camera do not regret i bought it
334	do not buy	169	do not buy this camera it
335	humid area	401	you live in a humid area
336	strong	64	it is still going strong it takes pretty
337	not be retrieved	5	the camera and can not be retrieved in order to
338	long range zooming	480	great camera with long range zooming capabilities on one
339	quality control	230	did as well ugh quality control could be better
340	camera eating	259	camera eating the battery
341	3-stars	253	i 'm giving this 3-stars only because of
342	too bright	183	sometimes the flash is too bright up close and
343	quick	99	this camera for sure quick focus and easy
344	could not download	261	a few pictures but could not download them found out
345	focusing	413	makes focusing so much easier
346	ease	96	a vhs camcorder the ease of shooting on
347	while	178	it lasts for a while it arrived on
348	do n't work	6	piece of junk it do n't work and it ca
349	quality is still great	362	changing times but the quality is still great
350	highly satisfactory	219	all items highly satisfactory
351	easily editable	96	this is fast - easily editable - simple to print
352	too loose	289	to change selections is too loose and can move
353	sturdy camera	183	overall it was a sturdy camera that does what
354	whistles	89	of the bells and whistles that i want
355	great shape	38	camera came in great shape even better than
356	daily	427	family use it almost daily so i can
357	convenient	403	more maneuverable and more convenient than using a
358	responsive	274	screen that 's very responsive its sony 's
359	does n't have	144	one i was sent does n't have as good a
360	software does not work	439	the software does not work for a mac
361	limited	431	adjustment of settings is limited to be able
362	complaining	494	saw lots of people complaining about the lack
363	any instructions	5	disaster it arrived without any instructions which i was
364	exactly	213	exactly what i hoped
365	battery life	500	's way out the battery life is terrible i
366	surprising	369	surprising amount of features
367	smaller sized	244	happy with this nice smaller sized camera
368	unobtrusive	102	itself is really rather unobtrusive it 's smallish
369	year	174	a little over a year during that time
370	rated	279	it was the top rated waterproof small camera
371	somewhat ugly	280	's just weird and somewhat ugly
372	does n't do much more	61	does n't do much more than a camera
373	quality not	436	i find the picture quality not to be as
374	lasted years	479	easy to use has lasted years now and still
375	four year	182	four year and still a
376	pain in the neck	500	it 's just a pain in the neck not a fan
377	terrible	500	the battery life is terrible i 've tried
378	bottom	252	has been to the bottom of lake malawi
379	shutter lag	263	love my camera the shutter lag is a bit
380	low	266	on videos is very low when using camera
381	pay this price	82	but i would n't pay this price in a million
382	take shots immediately	357	camera it does n't take shots immediately but waits a
383	iffy functions	78	has a few iffy functions but basically it
384	nice pictiures	450	takes nice pictiures and easy to
385	useless	461	small it 's almost useless this camera might
386	battery shelf	156	only problem is the battery shelf life is too
387	worked	72	worked as new unit
388	all day	260	battery always lasted me all day if i used
389	fantastic excellent	45	fantastic excellent condition thanks
390	good replacement	352	good replacement for my film
391	clear bright images	398	the next recharge give clear bright images funny enough it
392	closeup	269	works great for closeup pictures
393	basically garbage	223	mac anyway rendering it basically garbage x3
394	unfortunately	184	great while it worked unfortunately it did n't
395	short coming	4	camera due to this short coming
396	close up	120	white house with the close up and could see
397	neat idea	403	as it 's a neat idea
398	decent digital	7	this is a decent digital camera for the
400	started to crack	366	good pictures before it started to crack in multiple locations
402	supposed	176	exactly the job its supposed to do no
403	does n't always work	243	it works but it does n't always work sometimes it does
404	best buy	376	the best buy i have ever
405	without blurring	375	ball in the air without blurring the picture i
406	camera easy	296	great family camera easy but produces excellent
407	pissed	224	i am pissed because it do
408	webcams	309	its worse than most webcams
409	decent job	268	waterproof and does a decent job considering it 's
410	non pros	460	great camera for the non pros who simply want
411	card	357	having problems with the card have to get
412	pocket easy	111	handy fits into your pocket easy to use and
413	strengths	130	this camera has major strengths and weaknesses continued
414	defective cable connector	449	we received has a defective cable connector and we can
415	excellent product	177	excellent product just what i
417	unhappy	168	unsatisfactory i have been unhappy with several sony
418	good seller	137	good seller great little camera
419	does n't recognize	400	and many times it does n't recognize the sd card
420	take great pictures	263	oh man does it take great pictures and that zoom
421	great pic quality	340	great camera with a great pic quality
422	pools	180	it works great for pools and beach pictures
423	recognizing	400	with the camera 's recognizing the type of
424	good fix	377	viewfinder there is a good fix however for not
425	great little travel camera	193	this is a great little travel camera i like that
426	sound	277	the quality of the sound when taking video
427	ca n't return	292	sad thing is i ca n't return it i just
428	pretty flexible solid camera	304	pretty flexible solid camera with nice weight
429	english	337	changing the language to english
430	will not purchase	5	will not purchase from this vendor again
431	takes great pictures	405	takes great pictures - easy to use
432	nothing wrong	221	underwater conditions there is nothing wrong with product it
433	high definition	211	make videos for youtube high definition highly recommend
434	canon quality	292	in the film days canon quality was bar none
435	definitely adequate	334	photos from this is definitely adequate for my needs
436	does n't shoot clear	235	only complain is it does n't shoot clear in daylight night
437	performance	62	well satisfied with its performance
438	awesome camera	93	this is an awesome camera still working well
439	good performance	39	good performance and pictures
440	bad very disappointed	24	charger the battery was bad very disappointed
441	hd video	210	does it all including hd video
442	illumination	441	but i wish the illumination was brighter in
443	multiple	364	after warranty expired for multiple 109.00 repairs of
444	5 star purchase	126	choice it is a 5 star purchase from the lady
445	unfriendly	185	is a totally user unfriendly company with no
446	still works	479	lasted years now and still works
447	bit dated	266	or 2011 so a bit dated now if you
448	helped	416	my photography class this helped a lot
449	jiffy	111	this again in a jiffy should i need
450	unusable after two months	406	grand daughter it became unusable after two months grandpa looks like
451	highly rated	278	great camera highly rated in camera reviews
452	lens error	105	we we get a lens error message looking around
453	lcd screen	302	hand perfectly nice big lcd screen for viewing and
454	received on time	18	item was received on time as advertised
455	good lens	461	to have a very good lens also too many
456	ruined	368	we used it and ruined the camera
457	six years	62	a540 for the past six years and have been
458	everything	445	this camera is everything i could hope
459	nonexistent	289	cameras is pretty much nonexistent i know snap3d
460	love love love my camera	263	love love love my camera the shutter lag
461	arrived	332	camera works as advertised arrived on schedule
463	not happy	172	battery and the camera not happy with the purchase
464	again	111	i would order this again in a jiffy
465	easy to operate	369	takes nice photos and easy to operate
466	huge	19	newer camera camera is huge and you have
467	solid	427	build and mechanics seem solid and that 's
468	cant	132	3 years ago i cant get it to
469	years	279	of our daughters several years ago and she
470	dumb viewfinder	303	get rid of the dumb viewfinder
471	prayer	108	was an answer to prayer it was perfect
472	do n't	224	buy a item that do n't even turn on
473	work flawlessly	314	and lens all still work flawlessly and look great
474	small lightweight	275	flawlessly i like the small lightweight over and above
475	bad pictures	386	because it 's taking bad pictures and if you
476	does n't focus	243	always work sometimes it does n't focus the zoom is
477	great photographs	104	takes great photographs in digital format
478	total crap	358	total crap i had nothing
479	ugly	140	advanced i found it ugly and cheap but it is
480	modern	40	a good camera but modern ones have so
481	definitely durable	260	i 'd say its definitely durable sand never hurt
482	great service	43	great camera and great service and price
483	wont be disappointed	297	good to go you wont be disappointed
484	ca n't go wrong	316	ca n't go wrong with canon and
485	long time	453	pics and take a long time to take a
486	sucks battery	160	sucks battery owning this product
487	dutch language	385	it out of the dutch language
488	tedious	34	instructions are long and tedious which has discouraged
489	telephoto lens	292	it has a nice telephoto lens and 4 the
490	looks very good	456	canon which went south looks very good and everything appears
491	3 years	427	've had this for 3 years solid 3 of
493	really nice	101	it is really nice
494	meets my needs	212	lenses as this one meets my needs and i bet
495	swift	315	great price and swift response to replace
496	uber camera	365	i call this my uber camera because the photos
497	poor quality	366	of 90 considering the poor quality of this product
498	like brand new	496	project and they were like brand new
499	go to	377	this is my go to camera when i
500	buy	19	and you have to buy a special kind
501	cute camera	475	sisters it is a cute camera for teenage girls
502	beach	180	great for pools and beach pictures
503	travel	210	great compact camera for travel it does it
504	nice comfortable grip	53	pictures and has a nice comfortable grip it uses aa
505	drawer	57	it sits in a drawer now now
506	aaaaaaaaaaaaaaaaaaaaaaaa	1	out there my rating aaaaaaaaaaaaaaaaaaaaaaaa + + +
507	incredibly good	365	with it are so incredibly good i 've used
508	missing a piece	150	operate it it was missing a piece
509	did n't have enough features	459	it did n't have enough features for my photos
510	well worth	141	this is well worth the money i
511	dream camera	162	camera works great my dream camera
512	amazing product	63	what an amazing product i do n't
513	best features	117	had it has the best features i need for
514	lower price	148	id nice camera at lower price and for beginners
515	stronger	75	been one of the stronger contestants this camera
516	no internal memory	5	or cable it has no internal memory and requires an
517	not very happy	500	not very happy with the camera
518	great buy	139	too this was a great buy for a really
519	im happy	212	's and this one im happy im not useing
520	works good	402	works good doing its job
521	better cameras	106	pictures there are many better cameras on amazon at
522	warranty expired	174	much right after the warranty expired it leaked and
523	did not work	150	this item did not work i had at
524	virus	442	software disc has a virus on it so
525	good starter camera	183	worth every penny paid good starter camera for responsible teens
526	nothing special	452	as any other digital nothing special bought it for
527	another	383	but alassss i need another identical camera
528	wow	96	editable simple to print wow
529	send images	253	one so you can send images to your phone
530	easiest	314	this camera had the easiest to operate with
531	cameras	221	want to protect your cameras and take pictures
532	never took good pictures	358	got it and it never took good pictures i bought it
533	trust	318	takes great pictures trust that
534	beautiful photos	428	my favorite it takes beautiful photos and i 'm
535	battery lasts	306	great pictures and the battery lasts a long time
536	purchase from another buyer	34	my advice is to purchase from another buyer
537	poor	486	the photo quality is poor
538	excellent good	414	excellent good purchase reasonably priced
539	inexpensive practical	264	bottom line this is inexpensive practical and a nice
540	third time	226	it was fine the third time it was a
541	uses	23	she loved it and uses it often
542	special	19	have to buy a special kind of battery
543	nice movies	404	and click camera takes nice movies the touchscreen is
544	reliable	130,234	say its a pretty reliable camera i 've,best camera in price range reliable and durable
545	virtually impossible	377	bright sunlight that is virtually impossible this problem is
546	good size	353	use it 's a good size to carry with
547	good service	361	good service i got everything
548	free	320	looking for a great free video dowloader go
549	150	313	said it will cost 150 for each camera
552	moving	447	unless the object was moving once you click
553	wasted money	224	n't work period i wasted money to buy a
554	200	68	fixing it is over 200
555	death	105	from it but its death is very frustrating
556	promised	194	camera arrived as promised and with everything
557	screen is black	451	and part of the screen is black
558	comparable	75	and quality is pretty comparable
559	worthless	449	defective making the camera worthless
560	good sound	183	polo this camera had good sound quality in every
561	do n't see	484	finish line i still do n't see the reimbursement that
562	150-200 pictures	480	able to get around 150-200 pictures so you should
563	works flawlessly	275	years now and it works flawlessly i like the
565	1024 resolution	254	i could get the 1024 resolution and love the
566	aa batteries	53	comfortable grip it uses aa batteries and has a
567	computer	457	easy downloading onto a computer
568	superior	485	thought the finepix was superior to my panasonic
569	malfunctions	129	the camera malfunctions now by imparting
570	works fine	417,56,194	for camera that broke works fine for a snap,it works fine reasonable price,everything works fine great deal
571	horrible	271	horrible camera flash does
572	didnt work	371	new but this camera didnt work i am not
573	flimsily battery door	2	other too is a flimsily battery door latch both finally
574	non adjustable focus	325	about it is the non adjustable focus for it but
575	refund	88	it back for a refund i guess i
576	foldable sun screen	377	you can buy a foldable sun screen to cover the
577	good zoom	255	to review and edit good zoom for price
578	camera was perfect	60	service in every way camera was perfect
579	unreadable	485	blurred the lcd stayed unreadable so i took
580	it leaks	94	more than 30 ft it leaks intova customer support
581	weekly	252	and use it almost weekly in harsh conditions
582	special features	213	this particular model has special features not even available
583	two weeks	335	camera worked for two weeks and quit i
584	exceptional	378	this camera takes exceptional photos and movies
585	very different	30	it works okay but very different from the camera
586	outstanding photos	279	it has produced both outstanding photos and exceptional hd
587	still working good	28	still working good till now
588	best sports camera	483	is by far the best sports camera out there
589	impossible	289	flash some pictures seem impossible to take in
590	sharpness	44	it comes to the sharpness i did not
591	would	82	the camera but i would n't pay this
592	not well manufactured	389	do not recommend it not well manufactured
593	more maneuverable	403	adequate for this purpose more maneuverable and more convenient
594	great color	301	pictures high quality and great color
596	decent zoom	260	quality it has a decent zoom and takes good
597	nicely toned	218	for me making very nicely toned rich black and
598	clear pictures	307	choice works well very clear pictures
599	replaced	27	with this s1 was replaced with a used
600	nearly worthless	34	months but it is nearly worthless to me the
601	4 times	408	summer kayak trips about 4 times a summer the
602	can not	13	i can not get it to
603	easily broken	95	camera feels cheap and easily broken we shall see
604	quality is amazing	380	the video quality is amazing
605	lightweight	67	still a great camera lightweight yet fully featured
606	coarse	404	touchscreen is a little coarse but it works
607	never had an issue	103	years and i have never had an issue with it the
608	acceptable	165	carry the photos are acceptable and the camera
610	quality excellent	482	is nice and the quality excellent
611	inferior	217	6,000 leica m9 is inferior in every respect
612	best price	31	best stuff at the best price
613	purchase	383	i am about to purchase another casio only
614	plenty good	40	so much more resolution plenty good for 8x10s though
615	husband	153	pancake lens for my husband 's birthday
616	good value	266	good camera good value
617	great little camera	273	it and wanted another great little camera ties great photos
618	broke fixing	68	button is plastic and broke fixing it is over
619	generally	207	panasonic cameras and they generally take good pictures
620	wonderful photos	446	it takes wonderful photos and is easy
621	easy use	195	pictures long battery life easy use only issue i
622	5 star	314	camera probably deserves a 5 star rating
623	great brand	44	world canon is a great brand and nothing beats
624	fantastic little camera	170	a fantastic little camera absolutely no complaints
625	win	253	it up as a win win that being
626	nice camera	465,448	nice camera for casual photography,nice camera - easy to use
627	great job	228	great job for the price
628	wonderful condition	108	good price and in wonderful condition i wish i
629	sub card adapter	268	n't a weird lil sub card adapter that i had
630	simple yet versatile	302	n-shoot it 's so simple yet versatile that it meets
631	color	238	color is way off
632	good shipping time	56	i received this in good shipping time and it works
633	gps locator	205	gps locator would help
634	touchscreen	404	takes nice movies the touchscreen is a little
635	ca n't figure out	385	i ca n't figure out how to get
636	not waterproof	130	this camera is definitely not waterproof i have taken
637	not easy to use	308	its ok not easy to use and download
638	wonderful camera	25	it was just a wonderful camera it got stolen
639	worth it	91	+ for it so worth it
640	very problematic	425	and found it a very problematic camera i use
641	macro	353	i. e. zoom and macro and the directions
642	sexy	156	nice and sexy looking camera the
643	refunded	198	is very responsive and refunded my money problem
644	smallest camera	190	performance for canon 's smallest camera i bought a
645	does great work	103	are clear and it does great work i am in
646	buyer	285	have a bit of buyer 's remorse
647	only	427	and that 's the only thing i can
648	frustration	425	lens error and the frustration is extreme it
649	under water features	250	need and more the under water features are great we
650	work good	155	it is ok - work good
651	need extra lights	148	use in indoor u need extra lights to get better
652	never worked	408	do anything and has never worked again the olympus
653	fully featured	67	great camera lightweight yet fully featured it 's lacking
654	panoramic view	430	and i love the panoramic view when reviewing the
655	card errors	128	i keep getting card errors on video setting
656	nothing but problems	358	total crap i had nothing but problems with this when
657	cracked screen	291	not as in a cracked screen or does n't
658	drains batteries	410	use this because it drains batteries really fast i
659	great gift	399	great gift for a teen
660	shutter button	68	great camera however the shutter button is plastic and
661	protect	221	if you want to protect your cameras and
662	good one	167	good one to buy worth
663	annoying	237	shutter speed outdated - annoying - antiquated camera
664	compact size	476	but the slim small compact size is awesome and
665	disc to download	34	good pictures but the disc to download the camera to
666	has problem	367	has problem with built in
667	detailed	121	it the zoom was detailed with a stop
668	never used	166	looked like it was never used
669	me	427	sounds wonderful not for me good luck all
670	cheaper	308	phone is easier and cheaper
671	backup	44	this camera as a backup and i find
672	thoroughly recommend	249	and video i can thoroughly recommend it if you
673	view finder	53	batteries and has a view finder which is necessary
674	larger	192	n't want to carry larger cameras
675	substandard	168	this camera to be substandard images have never
676	great waterproof	487	this is a great waterproof camera which lasted
677	goner	226	time it was a goner i never got
678	does n't work	223	packaging and that it does n't work with a mac
679	exceptional hd videos	279	both outstanding photos and exceptional hd videos it is a
680	product	240	the service and the product
681	so far	276	is the best one so far - easy to use
682	malfunctioned	393	got wet somehow and malfunctioned
683	grainy	206	wrong and images are grainy on the highest
684	worth every penny	183	i think it was worth every penny paid good starter
685	turn on	224	that do n't even turn on i wo n't
686	covered in battery acid	14	because the camera was covered in battery acid
687	easy to navigate	267	lovely pictures and was easy to navigate
688	replacement	62	this was a replacement for one of
689	blurry pics	453	takes blurry pics and take a
690	last	50	pro camera but will last for some years
691	second	286	versatile i bought a second one because i
692	reliability	73	quick update on its reliability atter 8 years
693	unsatisfactory	168	on average has been unsatisfactory i have been
694	finepix	485	out i thought the finepix was superior to
695	premature demise	75	this camera met a premature demise after the front
696	did n't last very long	184	it worked unfortunately it did n't last very long camera broke not
697	more	433	great camera does more than i will
698	regularly	302	satisfied and use it regularly in fact i
699	must have	212	am this is a must have one try find
700	never failed	455	took it on vacation never failed me good piece
701	very slow	237	very slow in between clicks
702	cheaply made	412	this item is very cheaply made if your looking
703	6,000	217	easily summed up this 6,000 leica m9 is
704	pretty simple to operate	462	this camera it 's pretty simple to operate and the battery
705	m9	218	you can pickup the m9 and basically shoot
706	great deal	395,194	my lumix was a great deal i like the,everything works fine great deal
707	lots	97	excellent camera with lots of extras
708	very poor quality	134	replace this camera twice very poor quality that simply does
709	eats through	51	good camera but eats through normal alkaline batteries
710	favorites	113	some striking photos my favorites are the american
711	regretted it	358	the color and totally regretted it i went back
712	auto focus	329	auto focus on mine is
713	working good	363	it on time and working good
714	extremely great	476	perfect pics come out extremely great
715	lasted about six months	493	fine while it worked lasted about six months and i did
716	amazing video recorder	282	like this is an amazing video recorder
717	did not receive	172	did not receive the plug to
718	speed outdated	237	shutter speed outdated - annoying - antiquated camera
719	all the time	161	myself and use it all the time - easy to operate
720	appreciate	213	advertised and i really appreciate the price i
721	stick	238	off and the flanges stick
722	low stars	494	some people giving it low stars because of it
723	ca n't be beat	464	for the price it ca n't be beat
724	do not recommend	389	a few uses i do not recommend it not well
725	was	471	was n't what i
726	disappointment	151	part broke apart so disappointment
727	can not download	449	cable connector and we can not download the pictures in
728	too short	156	battery shelf life is too short the charge runs
729	old technology	19	battery and charger its old technology and wasnt even
730	stuck	75	stopped working and became stuck half shut yes
731	standard	121	use a rechargeable or standard aa alkaline batteries
732	was n't worth	75	repaired but it just was n't worth it for this
733	worst	151	then i got the worst photos ever and
734	decent pictures	260	overnight charge it takes decent pictures the only problems
735	no way	207	contact us link absolutely no way to contact customer
736	would not open	463	week then the shutter would not open
737	loved	273	had one that i loved dropped it and
738	trouble changing	337	well however i had trouble changing the language to
739	print	399	easy small easy to print from good price
740	did not slide down easily	346	face did not slide down easily
741	4 years	360	this camera for over 4 years starting to catch
742	priced right	35	features and it was priced right
743	wrong	206	pictures the colors are wrong and images are
744	two years	275	had this camera for two years now and it
745	unhappy reviews	314	upgrade i saw the unhappy reviews here about this
746	very well	36	holds my mike up very well
747	gps feature	410	i also like the gps feature on this camera
748	ca n't read	6	n't work and it ca n't read the memory card
749	same camera	120	till i found the same camera i took a
750	photo quality	486	the photo quality is poor
751	easy to transfer	455	to afg still going easy to transfer pics to computer
753	best quality	125	first one took the best quality photos ever after
754	smart phone	308	use and download a smart phone is easier and
755	erased	223	of the photos get erased if the batteries
756	did not hold up	175	something heavy duty it did not hold up as promised this
757	not bad	444,262	it is not bad for a beginner,fast shipping - not bad
758	not disappointed	47	i was not disappointed with this camera
759	trouble focusing	431	the problem also has trouble focusing on subjects quickly
760	fits nicely	304	weight in the hand fits nicely in a cargo
761	disaster	5	the product is a disaster it arrived without
762	dropped	338	this one and just dropped it recently and
763	repairs	364	expired for multiple 109.00 repairs of shutters
764	simple easy	254	the video option it simple easy to use the
765	like it	216	so fasted i like it
766	underwater aspect	388	great camera love the underwater aspect
767	simple	21,494,96	simple and easy too,suggest it to anyone - easy - simple - pocket friendly,this is fast - easily editable - simple to print
768	bells	89	has all of the bells and whistles that
769	failed on me	341	this camera failed on me ended up taking
770	hard	147	it is expensive and hard to find places
771	clear picture	480	and still got a clear picture of the batter
772	fantastic simple	293	fantastic simple camera easy to
773	basically it works	78	few iffy functions but basically it works i would n't
775	reasonable	50	years well built very reasonable for the money
776	held up	183	did and it always held up without leaking i
777	really happy	158	one of the best camera really happy with it
778	hidden inside	223	the driver cd apparently hidden inside the packaging and
779	optical	121	know when crossing from optical to digital the
780	detail	285	lot of depth and detail it 's almost
782	just what	114	it was just what i needed
783	little above average	103	pictures that are a little above average i would say
784	on time	178,41	a while it arrived on time,nice camera - delivery on time - good purchase
785	harsh conditions	252	it almost weekly in harsh conditions and it still
786	fogged	485	had a lens that fogged and yes then
787	to go	360	it is still my to go point and shoot
788	easily breakable	475	girls however it is easily breakable so protect it
789	do n't buy	220	do n't buy it it does
790	clear photos	132	get it to take clear photos not sure if
791	worked well	354	christmas present and i worked well for my friend
792	snorkeling	387	very handy for snorkeling takes great pictures
793	never let me down	90	now and it has never let me down back in 2007
794	very nice	305,277	excellent conditions a very nice camera,very nice - easy to use
795	charges	124	battery and that is charges by computer or
796	very useful camera	181	a viewfinder but otherwise very useful camera that can get
797	shallow	440	laptop focus is somewhat shallow but what is
798	excellent camera for	438	excellent camera for the price took
799	exactly what i wanted	33	exactly what i wanted
800	digital zoom	254	of these now the digital zoom is easy to
801	fun	492	fun little camera take
802	light	354	for pictures or video light and compact
803	would not buy	243	an automatic flash i would not buy it again
804	palm	419	and fits in the palm of your hand
805	so blurry	132	a dud everything is so blurry
806	everything works	319	condition than i expected everything works
807	quality just off	248	after 3 months the quality just off
808	granddaughter	495	got it for my granddaughter and she loves
809	survived	383	as my 14 mp survived after being drowned
810	not recommended	447	for basic daily use not recommended for moving objects
811	birthday	153	for my husband 's birthday
812	well satisfied	62	years and have been well satisfied with its performance
813	photographs	157	its done thousands of photographs taken at cemeteries
814	weaknesses	130	has major strengths and weaknesses continued below strengths
815	oberpriced	303	thing is maaasssive and oberpriced get a lumix
816	well	260	and does it pretty well i think it
817	nice weight	304	flexible solid camera with nice weight in the hand
818	destroy	5	will need to now destroy the camera will
819	reasonably priced	171	a fantastic reasonably priced all around digital
820	could hope	445	camera is everything i could hope for
821	better picture quality	339	the same if not better picture quality
822	wonderful experience	105	we have had a wonderful experience with this camera
823	pictures are clear	103	issue with it the pictures are clear and it does
824	work well	54	my vacation the camera work well in the in
825	best stuff	31	have to have the best stuff at the best
826	would order	111	to worry about i would order this again in
827	5 months	34	camera for 4 or 5 months but it is
828	no cord	24	the camera came with no cord and no battery
829	instantly	481	can upload the picture instantly on fb overall
830	never without it	85	can do i was never without it for 7 years
831	3d	310	but does fair in 3d
832	grain	280	speed manually however the grain of my photos
833	no battery charger	24	with no cord and no battery charger once i spent
834	cheap plastic	452	body is made of cheap plastic and it looks
835	look elsewhere	425	lot of frustration and look elsewhere do n't spend
836	no trouble finding	338	it and i had no trouble finding it on amazon
837	unfortunate	129	careful with camera equipment unfortunate
838	drain your battery	480	zoom capabilities it will drain your battery pretty quick on
839	slim	476	favorite color but the slim small compact size
840	looks great	324	love this camera it looks great and works great
841	camera works perfectly	26	great little camera works perfectly and takes great
842	dead pixels	288	is amazing a few dead pixels on the screen
843	great little piece	189	this camera is a great little piece to keep in
844	projector	403	easy to focus the projector fine color rendition
845	glad	439	of the wall out glad i went with
846	not good camera	386	it and it was not good camera because it 's
847	love this	472	love this no problems
848	good spare	58	and shoot camera a good spare to pack on
850	fair	310	goo but does fair in 3d
851	no more no less	176	its supposed to do no more no less
852	batery	400	recognizing the type of batery used and many
853	out of this world	44	the video 's are out of this world canon is a
854	charmed	435	i am charmed with me
855	language	337	had trouble changing the language to english
856	excellent job	112	completely satisfied does an excellent job i bought it
857	budget	143	pretty impressive for a budget camera
858	worked good	16	worked good for me
859	going strong	258	still going strong today use it
860	great purchase	338	this was a great purchase i had a
861	failed	230	just like it that failed this one did
862	simple adjusting feature	455	to computer love the simple adjusting feature for novice users
863	advertised	18	received on time as advertised
864	contact	207	absolutely no way to contact customer support if
865	accurate	121	af was fast and accurate the battery system
866	defective equipment	313	charge to fix their defective equipment
867	no downside	407	out there there is no downside
868	nikon	428	would definitely recommend this nikon
869	beautifully	80	the pictures come out beautifully very easy to
870	not really loud	102	it but it 's not really loud either i 'd
871	same price	249	digitial cameras for the same price
872	90	82	walmart for less than 90 i am looking
873	worst experience	343	worst experience on off button
874	8 years	64	this camera for nearly 8 years and it is
875	4 star	227	to give it a 4 star out of 5
876	point	471	takes average shoot and point pics
877	crisper cleaner better focused pictures	1	to this day takes crisper cleaner better focused pictures than the digital
878	big disappointment	88	big disappointment seller said per
879	8 gig	254	and video only holds 8 gig sd card but
880	quality is good	403	drawing board the camera quality is good as is the
881	hate	443	i hate the camera i
882	dies	100	pictures when your battery dies my granddaughter has
883	good pics	497	this camera takes really good pics and i was
884	remorse	285	bit of buyer 's remorse
885	no memory	4	everything but there was no memory card have to
886	flash ruins	191	then on some pics flash ruins the light of
887	felt like a pro	47	of a running deer felt like a pro you will too
888	pretty impressive	143	nice pictures lens is pretty impressive for a budget
889	new camera function	222	have to learn a new camera function
891	fasted	216	so fasted i like it
892	positive	427	thing i can say positive if you are
893	feels cheap	95	on first inspection camera feels cheap and easily broken
894	false advertising	226	let down due to false advertising
895	worth the wait	409	today and it was worth the wait i love it
896	no degradation	73	and there has been no degradation in photo quality
897	crisper	227	could be a little crisper i guess but
898	do n't need	390	as long as you do n't need to zoom in
900	videos	152	takes great photos and videos is pretty light
901	binoculars	322	often used it as binoculars and is fairly
902	looks nice	465	the computer the pictures looks nice
903	pretty unhelpful	94	intova customer support were pretty unhelpful the most they
904	zoom is incredible	263	great pictures and that zoom is incredible
905	would not work	88	but worked fine it would not work at all i
906	really enjoying	418	events and i am really enjoying it
907	operate fine	456	and everything appears to operate fine
908	battery cover broke	197	only been used once battery cover broke the second time
909	friend	422	bought for a friend
910	efficient	470	is a very simple efficient camera and i
911	endlessly irritating	201	camera but it is endlessly irritating that they decided
912	very handy	387	very handy for snorkeling takes
913	daughter loved	138	to my wife her daughter loved it too so
914	fix	313	for each camera to fix we did not
915	much better photos	415	kids cameras & takes much better photos after some practice
916	bulky	347	this camera is bulky and the picture
917	sutter wo n't close	118	at first then the sutter wo n't close after 3-4 year
918	works like brand new	166	now and it still works like brand new everyone raves about
919	reasonably priced	414	excellent good purchase reasonably priced
920	badly placed	304	of the camera is badly placed i constantly press
921	best point and shoot	159	series camera ever made best point and shoot camera ever made
922	trashy camera	309	pretty trashy camera bought on a
923	easy downloading	457	it also allows for easy downloading onto a computer
924	error	123	did get one lens error message but nothing
925	extremely waterproof	339	extremely waterproof and rugged looks
926	clearance	136	at wal mart on clearance for 20 had
927	good color	304	to be sharp with good color and i like
928	battery always lasted	183	perfect working order the battery always lasted me all day
929	vista	261	is only supported by vista or older
930	summer	408	about 4 times a summer the rest of
931	negative	209	great camera the only negative comment i have
